,Foreigner,Hill Brahman,Hill Chhetree,Hill Dalit,Madhesi Brahman/Chhetree,Madhesi Dalit,Madhesi Other - OC A,Madhesi Other - OC B,Mtn/Hill Janajati A,Mtn/Hill Janajati B,Musalman,Newar,Other (MPB),Other undefined,Tarai Janajati,Total Pop Census,Poverty Gap,Poverty Incidence,Poverty Severity,Adult illiteracy rate,Deprivation in economic provisioning,HPI,People not expected to survive age 40,Children <5 years malnourished,Without safe water,BCG3,DPT-HepB 1 3,DPT-HepB 2 3,DPT-HepB 3 3,Japenese Encephalitis 3,Measles 12-23 3,Measles 9-11 months 3,Polio13,Polio23,Polio33,TT 1 3,TT 2+ 3,TT23,Sanitation Coverage (%,Water Coverage Supply (%),HDI ,Sex Ratio (male per 100 female),Confirmed Meningitis 3,HIV/AIDS3,Leprosy3,STD/STI3,Acute Flacid Paralysis,Chicken pox,Diptheria,Hepatatis-B,Measles,Mumps,Neonatal Tetanus,Rubella,Tetanus,Tuberculosis,Whooping cough,Alcoholism,Anxiety (Neurosis,"Conversive disorder(Hysteria)",Depression,Epilesy,Mental retardation,Psychosis,Vacc_Access
Achham,0,0.102036298,0.581749049,0.135157703,0.00010098,0,0.004920828,0,0.006921007,0.002637129,0.000998147,0.000493248,0.001743845,0.162239734,0.001002031,257477,0.127,0.472,0.047,54.92,51.76,46.68,0.095,0.592,0.4431,0.03053865,0.028519052,0.027583046,0.02906279,0,0.000869981,0.029528851,0.02881034,0.027629652,0.02916377,0.009476575,0.017539431,0.009752327,19.08,88.01,0.378,87,1.94E-05,0.001238946,0.000147586,0.005177161,2.72E-05,0.000322359,0,0.000104864,0.000108748,0.000271869,3.88E-06,2.33E-05,7.77E-06,0.000357313,0,0.000275753,0.000866097,0.000135934,0.001052521,0.000260217,5.83E-05,0.000182541,1.55784116
Arghakhanchi,0,0.327664548,0.193248057,0.209019794,0.001603991,6.58E-05,0.001057521,0,0.193349255,0.034726158,0.008971219,0.027971179,0,0.00113848,0.001184019,197632,0.069,0.288,0.024,34.43,27.24,27.37,0.0771,0.31,0.2348,0.025147749,0.023913131,0.022379979,0.023402081,0,5.57E-05,0.025011132,0.022789832,0.022385039,0.022511537,0.003187743,0.014284124,0.014906493,46.2,82.97,0.482,77,5.06E-05,0,6.07E-05,0.001052461,0,0.001082821,0,0.000344074,0.000101198,0.000986682,0,2.53E-05,0,0.000247936,0,9.61E-05,0.001786148,0.000106258,0.002337678,8.10E-05,0.000126498,0.000111318,0.185184344
Baglung,4.47E-05,0.195385182,0.205600622,0.26323,0.001165245,0,0.000926984,0,0.308175703,0.009563945,0.002762338,0.010721745,0,0.001786957,0.000636604,268613,0.053,0.229,0.018,34.46,27.01,27.33,0.0852,0.429,0.1112,0.024317513,0.023096425,0.022348137,0.021279685,0,0.000260598,0.022891669,0.023569224,0.022999631,0.021920011,0.014504138,0.003179295,0.013443132,59.32,90.87,0.478,78,0,0.000215924,1.49E-05,0.001913534,7.45E-06,0.001176414,0,3.72E-05,3.35E-05,0.001113126,0,4.10E-05,0,0.0003425,0,0.00039462,0.003190464,0.000134022,0.000658941,0.000234538,0.00022337,0.000398343,0.010700022
Baitadi,5.18E-05,0.185497692,0.603898796,0.083153313,0.001610216,0.000127542,0.052499422,0,0.003870099,0.000617781,8.37E-05,0.000482268,0.000135513,0.066975424,0.000996421,250898,0.123,0.457,0.046,45.15,45.38,39.58,0.0814,0.592,0.3157,0.025432646,0.024232955,0.022702453,0.022754267,0,0.001335204,0.023061164,0.024137299,0.022467297,0.022694481,0.008589148,0.015420609,0.008126809,25.59,89.66,0.416,88,0.000282984,0,3.19E-05,0.002279811,3.99E-06,0.000538067,0,5.98E-05,1.99E-05,0.000358712,0,7.97E-06,7.97E-06,0.000657638,3.99E-06,0.000119571,0.000282984,6.38E-05,0.000653652,2.39E-05,1.59E-05,3.99E-06,0.212915822
Bajhang,7.69E-05,0.101952767,0.726489683,0.11310265,0.000497031,0.000102481,0.000276697,0,0.002054735,0.001393735,0,0.000912077,0.000261325,0.052198464,0.000681496,195159,0.162,0.568,0.063,54.97,48.05,45.32,0.1281,0.632,0.3291,0.026757669,0.024636322,0.022176789,0.020198915,0,0.00105555,0.022812169,0.026747421,0.024554338,0.023524408,0.020644705,0.004401539,0.015172244,14.03,58.23,0.365,91,5.12E-06,5.12E-06,2.56E-05,0.001655061,0,0.000404798,0,0,3.07E-05,0.00034331,0,3.07E-05,1.02E-05,0.000302318,5.64E-05,4.61E-05,0.000312566,5.12E-05,0.000389426,8.20E-05,3.07E-05,4.61E-05,0.544836843
Bajura,0,0.07001601,0.653892908,0.203199122,0.000103771,0.000111184,0.040522711,0.000689338,0.003142789,0.014520576,0.000741224,0.000452147,0.000318726,0.010436433,0.00185306,134912,0.199,0.641,0.082,55.48,41.17,43.28,0.1379,0.508,0.3153,0.033696039,0.031161053,0.028640892,0.028077562,0,0.003268797,0.026172616,0.033140121,0.028611243,0.028863259,0.016877668,0.008561136,0.016284689,10.57,86.82,0.364,95,0,5.19E-05,6.67E-05,0.000978416,7.41E-06,0.000548506,0,7.41E-06,7.41E-06,0.000800522,0,0,0,0.000311314,0.000674514,7.41E-06,0.000163069,0,9.64E-05,1.48E-05,0,0,1.978995483
Banke,0.000578043,0.066468829,0.194220385,0.067950573,0.01539141,0.043589321,0.125246024,0.022515179,0.06686776,0.006443957,0.18989524,0.012912339,0.005084335,0.024819209,0.158017394,491313,0.066,0.264,0.024,43.69,24.83,32.1,0.0784,0.448,0.0487,0.024467091,0.020956091,0.019665671,0.018774183,0.013260386,0.000321587,0.019289129,0.021401835,0.020347518,0.019466206,0.011469267,0.010803704,0.009647618,35.97,90.56,0.475,99,2.04E-06,2.44E-05,2.24E-05,0.002141201,0,0.000185218,4.07E-06,4.07E-06,1.42E-05,0.000301234,0,8.14E-06,4.07E-06,0.000276809,0,1.83E-05,0.000111945,4.07E-06,0.000199466,2.04E-06,2.04E-06,1.42E-05,-0.100787292
Bara,7.27E-05,0.043175301,0.035685204,0.005963287,0.010929057,0.111857067,0.362694632,0.078235239,0.015726151,0.053627412,0.130628115,0.008416363,0.001423569,0.006693248,0.134872649,687708,0.072,0.299,0.025,56.75,21.78,40.09,0.0624,0.396,0.0396,0.022891983,0.02218965,0.02069483,0.021480047,0.003793761,0.00036498,0.020915854,0.022471747,0.021139786,0.020472352,0.01477662,0.010623695,0.012303187,19.06,88.58,0.457,104,8.72E-06,0,9.60E-05,0.001670767,2.91E-06,0.000245744,1.45E-06,1.60E-05,6.83E-05,0.001432294,0,1.02E-05,0,0.000897183,0.000561285,1.31E-05,0.000216662,2.33E-05,6.98E-05,3.34E-05,1.16E-05,1.74E-05,0.019446369
Bardiya,6.80E-05,0.087159146,0.145176944,0.08406005,0.003185833,0.013683376,0.032378755,0.020528581,0.038023705,0.005994243,0.025955516,0.005623851,0.000743127,0.005973144,0.531445745,426576,0.071,0.287,0.025,43.46,26.37,32.3,0.0884,0.506,0.0214,0.019820618,0.019478358,0.019091557,0.018142136,0.017169273,1.17E-05,0.020305877,0.02006442,0.019686996,0.018946214,0.015235269,0.006256798,0.013952965,39.16,82.18,0.466,93,0,0.000616537,7.03E-05,0.011854863,2.34E-06,0.000839241,0,0,4.92E-05,0.001708957,0,1.88E-05,0,0.001305746,2.34E-06,2.58E-05,0.000192228,7.03E-06,0.00018754,0.00034226,9.38E-06,7.03E-06,-0.149129839
Bhaktapur,0.000131298,0.142303816,0.214602939,0.017259093,0.001834886,0.00041687,0.007917256,0.000331527,0.047585598,0.093717073,0.004943361,0.455842915,0.000679466,0.00604298,0.006390919,304651,0.029,0.125,0.01,21.87,22.58,19.43,0.0331,0.269,0.1825,0.013766572,0.013517106,0.013625427,0.01342848,0.008232371,0.000741832,0.019113674,0.013546648,0.013415351,0.012758862,0.006952217,0.003289009,0.005832904,87.1,91.66,0.573,103,6.56E-06,0,4.92E-05,0.000781222,9.85E-06,0.00060397,0,2.95E-05,0.000279008,0.000791069,0,8.21E-05,0,0.000377481,0.000328244,0.000272443,0.00029542,8.53E-05,0.000361069,0.000361069,1.31E-05,5.58E-05,-2.128636658
Bhojpur,7.67E-05,0.061865953,0.208024817,0.098175481,0.000263073,0.000115094,0.001627763,0.000279515,0.435906149,0.109745203,0.000104133,0.08036326,0,0.002526595,0.000926235,182459,0.048,0.244,0.014,36.91,38.46,33.03,0.0965,0.455,0.3143,0.021561008,0.020843039,0.019078259,0.01828904,0,0.000284996,0.021155438,0.021500721,0.019719499,0.018782302,0.00521213,0.015565141,0.007130369,36.8,67,0.479,89,0,5.48E-06,3.84E-05,0.000652201,1.10E-05,0.000783738,0,5.48E-06,8.77E-05,0.002427943,0,5.48E-05,1.64E-05,0.000115094,0.000104133,0.000131536,0.000169901,5.48E-05,0.000175382,0.000411051,2.19E-05,3.29E-05,-0.688011589
Chitawan,0.000215523,0.285614776,0.126034511,0.084391983,0.001234517,0.002317305,0.016619424,0.001760393,0.146547146,0.158440578,0.011689978,0.052166956,0.001239689,0.002082816,0.109644404,579984,0.017,0.089,0.005,27.77,28.88,24.8,0.0645,0.42,0.1577,0.01941088,0.016831499,0.016305622,0.016364245,0.012217578,0.000129314,0.017595313,0.017179784,0.016784946,0.016817705,0.005608775,0.0146073,0.006200171,83.08,85.05,0.551,93,0.000206902,0.000155177,0.00016897,0.001675908,0,0.000591396,1.72E-06,0.000232765,7.41E-05,0.000800022,0,2.41E-05,3.45E-05,0.001213827,0.00011552,0.000703468,0.00078278,0.000677605,0.001432798,0.000177591,0.000212075,0.000324147,-1.057887863
Dadeldhura,0,0.158184019,0.578968852,0.188586429,0.00020409,0.000161865,0.01837516,0,0.039143102,0.002871339,0.000260391,0.008818106,0,0.003251369,0.001175278,142094,0.118,0.433,0.045,42.74,38.91,35.8,0.0889,0.486,0.2922,0.0259828,0.022435852,0.020613115,0.019944544,0,0.00052782,0.021957296,0.022654018,0.02077498,0.02004307,0.012716934,0.00909961,0.009444452,43.08,77.51,0.442,88,0.000781173,6.33E-05,0.000126677,0.007670978,0,0.001984602,0,4.93E-05,6.33E-05,0.000900812,0,0,0,0.000767098,0.000260391,0.000197053,0.003624361,0.00055597,0.000865624,7.74E-05,0.000218165,0.000844511,-0.204820466
Dailekh,0,0.108824541,0.504759904,0.269117928,0,0,0.000546281,0,0.105623257,0.003006456,0.001753448,0.00311724,4.20E-05,0.002681744,0.00052718,261770,0.088,0.358,0.031,47.7,46.86,41.35,0.0863,0.456,0.4812,0.028169767,0.026863277,0.02512511,0.024808038,0,1.53E-05,0.026790694,0.026863277,0.02512511,0.024808038,0.00907285,0.015666425,0.008667915,19.86,55.73,0.422,94,0,1.15E-05,3.44E-05,0.002483096,0,0.00078695,0,0,0,0.001405814,0,3.82E-06,0,0.000145166,1.15E-05,2.67E-05,0.000744929,0,0.000225389,9.17E-05,0,7.64E-06,0.807869501
Dang,7.60E-05,0.102455197,0.284663118,0.114116793,0.000378224,0.001847686,0.020136342,0.000689489,0.141021349,0.018022632,0.008644855,0.008319112,0.000164681,0.004216561,0.295247954,552583,0.059,0.251,0.02,37.59,42.01,34.92,0.0798,0.393,0.4472,0.025058679,0.02350959,0.022992021,0.022812863,0.015813009,0.000436134,0.024515774,0.02350959,0.022986592,0.022644562,0.005029109,0.010085363,0.013626912,44.11,69.25,0.485,90,1.45E-05,1.99E-05,4.52E-05,0.002187907,1.81E-06,0.000459659,0,3.62E-06,5.79E-05,0.001755392,1.81E-06,1.81E-06,0,0.000957322,3.80E-05,0.000441563,0.001011613,0.000215352,0.000908461,0.000255165,7.24E-06,4.71E-05,0.554406627
Dhading,0,0.149809413,0.166701878,0.116179214,0.000238048,0.00022317,0.003174962,0.000160682,0.160569172,0.30354959,0.003076767,0.093990186,0,0.001362823,0.000964093,336067,0.038,0.188,0.012,46.74,20.85,33.38,0.0768,0.263,0.1539,0.025358039,0.024512969,0.023453657,0.023459608,0,0.000110097,0.02576272,0.025119991,0.024212434,0.024102337,0.007084897,0.012952774,0.013413992,51.43,69.25,0.461,89,1.79E-05,1.49E-05,1.19E-05,0.002800037,1.49E-05,0.00156814,0,0.000157707,0.000339218,0.002416185,2.98E-06,8.93E-05,8.93E-06,0.000675461,0.000214243,0.000205316,0.000595119,0.000246975,0.000853996,0.000639753,3.87E-05,6.55E-05,0.45600874
Dhankuta,7.34E-05,0.05414535,0.213754192,0.073293271,0.000501799,0.000483441,0.003127065,0.000336573,0.529000318,0.071126967,0.00098524,0.046710156,0.000556875,0.003273933,0.002631386,163412,0.029,0.159,0.008,31.41,31.59,27.57,0.0711,0.449,0.1827,0.021791545,0.020555406,0.019313147,0.018952097,0,6.73E-05,0.020959293,0.021962891,0.020885859,0.020335104,0.009007906,0.012930507,0.01116809,48.64,76.42,0.517,88,0,0,0,0.000930164,0,0.002594669,0,0,0.00024478,0.002539593,0,0.000134629,0,6.12E-05,6.12E-06,6.73E-05,0.000116271,3.06E-05,0.000165227,3.67E-05,6.12E-06,0,-0.438747674
Dhanusa,3.31E-05,0.013621242,0.015706626,0.009863841,0.042258839,0.158142074,0.428089356,0.124253919,0.015383352,0.027510112,0.084391814,0.006058743,0.003675258,0.013944516,0.057067187,754777,0.046,0.231,0.014,58.11,27.74,41.72,0.0731,0.436,0.1188,0.022029023,0.020254989,0.019293116,0.018368339,0.001801857,0.000369646,0.020466972,0.020440474,0.019485225,0.018567073,0.018287521,0.007680414,0.017634348,23.87,75,0.431,101,8.61E-05,0,0.000133814,0.000907553,1.32E-06,0.000103342,0,0,3.71E-05,0.000527308,5.30E-06,9.27E-06,1.32E-05,0.000479612,1.85E-05,0.000102017,0.000177536,1.19E-05,0.000278228,9.27E-06,1.32E-05,4.37E-05,-0.247712286
Dolakha,0,0.091977251,0.343042609,0.087244113,0.000305537,0.000310897,0.001559845,0.000112566,0.109644773,0.269681652,0.000246573,0.09379439,0,0.001624168,0.000455625,186557,0.057,0.26,0.018,46.4,33.07,35.7,0.0761,0.44,0.2215,0.02166094,0.019795558,0.018739581,0.019141603,0,0.000396662,0.021489411,0.021060587,0.020090375,0.020567441,0.0110154,0.006845093,0.011996334,48.13,81.43,0.459,87,6.97E-05,5.36E-06,0,0.00073436,0,0.001366874,0,0.000209051,0.000278735,0.004304314,4.29E-05,0.000128647,0,0.001072058,0.000273375,0.000514588,0.000879088,0.00055211,0.000954132,0.001323992,0.000112566,0.000230493,-0.583943077
Dolpa,0,0.017166213,0.515504087,0.134114441,0,0,0.000381471,0,0.197029973,0.129482289,0.000381471,0.002370572,0,0.001716621,0.001852861,36700,0.11,0.428,0.04,55.78,44.63,44.56,0.1448,0.541,0.3516,0.018228883,0.019782016,0.017111717,0.016021798,0,0.001008174,0.016975477,0.019536785,0.017166213,0.016021798,0.014577657,0.004822888,0.012016349,17.64,69.69,0.401,99,5.45E-05,2.72E-05,0.000163488,0.00599455,0,0.000708447,0,0.000408719,8.17E-05,0.000653951,0,0,0,0,0,0.000435967,0.00027248,0.000299728,0.001307902,0.000190736,2.72E-05,2.72E-05,-1.136663636
Doti,5.19E-05,0.080417104,0.617848743,0.203635488,0.000420315,0.000255023,0.012141906,0,0.036184863,0.004278711,0.000547826,0.005393254,0.000406147,0.036600455,0.001818216,211746,0.135,0.489,0.052,52.32,47.02,43.57,0.094,0.576,0.3645,0.028165821,0.027414922,0.025020543,0.024260199,0,0.001412069,0.02508666,0.028104427,0.025761998,0.02524723,0.015211621,0.01075345,0.012718068,23.31,79.96,0.407,85,8.03E-05,0.000420315,0.000118066,0.002488831,0,0.000193628,9.45E-06,6.61E-05,0.000118066,0.000283358,0,2.36E-05,0,0.000127511,3.78E-05,0.000325862,0.000136957,6.14E-05,0.000132234,0.001251499,1.89E-05,2.36E-05,1.011114222
Gorkha,6.64E-05,0.152102294,0.1291997,0.162634979,7.38E-05,0.000206596,0.001313358,0.000431637,0.324974821,0.13738605,0.011274215,0.077672553,0.000129122,0.001663832,0.000870653,271061,0.049,0.204,0.018,41.83,34.23,33.58,0.0657,0.313,0.3716,0.021578169,0.02041238,0.019449497,0.019681917,0,0.000376299,0.019929093,0.020135689,0.019490078,0.019556484,0.007352589,0.007581319,0.009591937,44.15,70.11,0.481,81,0.000121744,1.84E-05,2.95E-05,0.000730463,3.69E-06,0.001106762,0,4.06E-05,0.000239798,0.002161875,0,0.000118055,0,0.001390831,0,0.000439016,0.001597426,0.00032465,0.009473882,0.001368696,0.000114365,2.95E-05,-0.800838126
Gulmi,0.000217733,0.253130354,0.255821673,0.206871074,0,0.000124929,0.000831668,0.000328384,0.226456311,0.034908624,0.001538407,0.01769703,0,0.001424186,0.000649629,280160,0.059,0.256,0.02,34.42,27.36,27.42,0.0826,0.433,0.1142,0.025628212,0.023461593,0.022248001,0.02266205,0,0.00011779,0.026363507,0.024396773,0.023650771,0.023875642,0.003983438,0.019078384,0.016094375,67.03,77.85,0.464,76,9.99E-05,8.21E-05,1.43E-05,0.007702741,1.07E-05,0.00134209,0,1.78E-05,2.86E-05,0.002669903,0,9.99E-05,0,0.000478298,0,0.000328384,0.003933467,0.000221302,0.002248715,0.000339092,0.000139206,0.000478298,0.513094977
Humla,0,0.064316332,0.584018247,0.156946793,0,0,0.002752763,0,0.004876322,0.183157025,0.000216288,0.000511227,0,0.001926934,0.001278068,50858,0.166,0.56,0.067,62.78,47.88,49.26,0.116,0.657,0.3005,0.027527626,0.02794054,0.023182194,0.02125526,0,0.002929726,0.025364741,0.028766369,0.022867592,0.021373235,0.019996854,0.001828621,0.015808722,25.83,48.4,0.376,103,1.97E-05,0,0.000196626,0.009772307,0,0.000393252,0,0,0,0.001514019,0,9.83E-05,0,1.97E-05,0.000294939,0.002103897,0.000865154,0.000373589,0.000511227,0.000845491,1.97E-05,0.001238743,0.719161847
Ilam,9.99E-05,0.138981719,0.144631943,0.054149125,0.000275621,0.000306628,0.002776878,0.000423767,0.516964452,0.094789391,0.000778628,0.036633431,0.001257519,0.005109318,0.002821667,290254,0.012,0.073,0.003,26.54,34.05,26.96,0.0842,0.461,0.22,0.023283056,0.02193596,0.021243463,0.021271025,0,0.000365197,0.022876515,0.023327844,0.022700807,0.022525099,0.004392704,0.016399429,0.006404735,67.97,68.23,0.526,95,0,3.45E-06,2.07E-05,0.000599475,3.45E-06,0.000451329,0,3.45E-06,0.000199825,0.001309198,0,9.99E-05,0,0.000275621,3.45E-06,0.000306628,0.000933665,0.000354862,0.000737285,0.000175708,1.38E-05,0.000175708,-0.1897823
Jajarkot,0,0.046181058,0.566886938,0.288247793,6.42E-05,0.001004063,0.001138327,0,0.091375566,0.000863961,0,0.001838836,0,0.001611171,0.000788073,171304,0.09,0.377,0.031,53.08,47.6,44.2,0.115,0.513,0.4391,0.027185588,0.025533554,0.022556391,0.024792182,0,0.001827161,0.027991174,0.029269603,0.025988885,0.028253864,0.024371877,0.003403306,0.023677205,25.25,77.05,0.393,100,0,0,2.34E-05,0.000980713,0,0.001138327,0,0,1.17E-05,0.002037314,0,4.09E-05,0,0,0.000373605,7.59E-05,0.001412693,7.59E-05,0.000233503,5.84E-06,1.17E-05,0.000110914,1.455283133
Jhapa,0.000110749,0.237847782,0.171364056,0.055203347,0.006093644,0.008067434,0.03207654,0.006142866,0.157701347,0.047166677,0.031990402,0.032769335,0.011058881,0.010512521,0.191894419,812650,0.019,0.106,0.005,30.08,14.84,21.82,0.0876,0.242,0.0549,0.024740048,0.024737587,0.024733895,0.024737587,0.014568387,0.005110441,0.024742509,0.024737587,0.024737587,0.024737587,0.010596198,0.017404787,0.012092537,57.14,81.25,0.518,90,2.46E-06,4.92E-06,0.000183351,0.002479542,1.48E-05,0.000665723,0,6.15E-06,3.69E-05,0.001150557,0,1.11E-05,1.97E-05,0.001240386,3.69E-06,0.000315019,0.001284686,0.000163662,0.000791239,7.01E-05,3.94E-05,0.000167354,1.252241442
Jumla,0,0.109473839,0.687626812,0.169636709,0,0,0.0098879,0,0.005912542,0.011825084,0.001019087,0.001854555,0,0.001661755,0.001101716,108921,0.131,0.49,0.049,55.57,37.03,42.09,0.1103,0.541,0.1996,0.025798515,0.023989864,0.020455192,0.021061136,0,0.001588307,0.024118398,0.024246931,0.020914241,0.02185988,0.019656448,0.00246968,0.016672634,37.21,87.95,0.409,102,0,0,2.75E-05,0.001009906,9.18E-06,0.001009906,0,0,0,0.000881373,0,0,0,9.18E-06,3.67E-05,5.51E-05,0,0,2.75E-05,9.18E-06,9.18E-06,0,0.266036099
Kailali,0.000109577,0.124091637,0.256349997,0.119112966,0.00168491,0.000840521,0.009213507,0.000648439,0.040573205,0.006628774,0.006352898,0.003944778,0.000876617,0.013713906,0.415858266,775709,0.084,0.336,0.03,41.14,18.75,29.49,0.09,0.314,0.061,0.020245994,0.019071585,0.018496627,0.017578757,0.015171927,0.000287479,0.019406762,0.019859251,0.019243041,0.018381893,0.007430622,0.008539285,0.006370946,39.2,88.63,0.46,95,0.000167589,3.09E-05,0.000128914,0.002266314,0,0.000232046,0,2.58E-06,5.80E-05,0.00052597,3.87E-06,1.29E-05,1.42E-05,0.000716764,2.84E-05,0.000140517,0.000302949,0.000145673,0.000402213,0.000327442,2.32E-05,6.57E-05,-0.660778387
Kalikot,0,0.171086836,0.548945585,0.260529544,0,0,0.005994976,0,0.00414756,0.006089903,0.000197155,0.00028478,0,0.001942343,0.000781318,136948,0.168,0.579,0.066,54.7,48.04,45.2,0.1338,0.541,0.4199,0.025301574,0.024980284,0.020628268,0.019978386,0,0.00314718,0.02174548,0.022833484,0.020861933,0.020146333,0.020730496,0.000912755,0.013012238,21.86,79.08,0.374,101,5.84E-05,0.000313988,0.000299384,0.001964249,0,0.000270176,0,4.38E-05,0,0.000292082,0,1.46E-05,7.30E-06,0,0,1.46E-05,0.000467331,0.000167947,0.000445425,3.65E-05,4.38E-05,0.000124135,0.023972463
Kanchanpur,0.000352356,0.159635057,0.360154505,0.119049835,0.000742386,0.000374517,0.008868737,0.000104156,0.033668847,0.016764617,0.001021611,0.002555136,0.000485321,0.03850211,0.25772081,451248,0.08,0.314,0.029,36.96,17.51,26.6,0.0852,0.317,0.0332,0.021265468,0.020664912,0.019499255,0.019357427,0.01516461,0.000494185,0.020551892,0.020791228,0.01970535,0.019658813,0.008175105,0.008542974,0.005803904,33.85,82.17,0.475,92,3.55E-05,1.11E-05,5.98E-05,0.001409425,4.43E-06,0.000715793,0,4.43E-06,0.000146261,0.000354572,0,5.54E-05,0,0.001748484,2.88E-05,2.88E-05,7.76E-05,8.86E-05,7.76E-05,0.000115236,6.65E-06,2.22E-06,-0.389333055
Kapilbastu,0.000480823,0.085383679,0.053140561,0.026641093,0.01561888,0.096412885,0.262856334,0.081051027,0.039546383,0.003624531,0.181586751,0.003493398,0.005588038,0.020208555,0.124367062,571936,0.089,0.355,0.032,52.9,26.76,38.26,0.0924,0.487,0.0482,0.02368272,0.020691126,0.019811657,0.019301111,0.016365467,0.00081128,0.02108103,0.021278605,0.02036067,0.019818651,0.009467843,0.016760617,0.020444595,21.78,81.01,0.432,100,0,3.50E-05,0.00012414,0.003052789,0,0.000222053,0,0,2.62E-05,0.000325211,0,0,0,0.000377665,6.12E-05,3.67E-05,0.000403891,6.64E-05,0.000571742,0.000103158,5.42E-05,3.85E-05,0.465401031
Kaski,0.000967287,0.2780625,0.168513182,0.150346069,0.000780332,0.000857553,0.010926685,0.000790493,0.282819682,0.035712399,0.008994143,0.04857569,0.001052636,0.005399331,0.006202017,492098,0.008,0.04,0.003,21.43,15.22,16.5,0.0459,0.229,0.0755,0.020093559,0.017449776,0.016555645,0.017004743,6.10E-06,0.000233693,0.017484322,0.017618442,0.016555645,0.017083995,0.004228832,0.006754752,0.00559035,87.47,92.23,0.576,92,6.91E-05,1.63E-05,0.000132088,0.000869745,4.06E-06,0.000938837,8.13E-06,3.86E-05,8.74E-05,0.000514125,0,4.67E-05,0,0.00014428,1.42E-05,0.000814878,0.006078058,0.001207077,0.00417803,0.001505798,0.000396263,0.006218274,-1.606760771
Kathmandu,0.000972343,0.235131633,0.21724304,0.02242352,0.003302871,0.001493487,0.019957116,0.001019928,0.115240449,0.120857795,0.012501147,0.219657845,0.009486653,0.007793079,0.012919094,1744240,0.015,0.076,0.005,15.96,31,22.45,0.0439,0.32,0.3,0.02090882,0.015142985,0.014425767,0.014291611,2.06E-05,0.000169701,0.015548892,0.01519401,0.014551897,0.014393661,0.012332019,0.001006169,0.010815025,93.77,93.2,0.632,110,6.42E-05,0.000590515,3.96E-05,0.001531899,2.06E-05,0.000376095,1.78E-05,0.000587648,0.000212127,0.000339976,7.74E-05,1.38E-05,0.000185754,0.000262579,0.000195501,0.000509104,0.000273472,0.000166262,0.000929918,0.000130716,9.75E-05,0.000293538,-1.82917817
Khotang,0,0.072060762,0.232148397,0.107429524,0,0.000189034,0.003005157,0,0.464757261,0.062487882,0.000208422,0.054117065,0,0.002316879,0.001279615,206312,0.05,0.25,0.015,38.02,27.71,29.47,0.0815,0.336,0.2183,0.025238474,0.022839195,0.021079724,0.020861608,0,0.000455621,0.02366319,0.022538679,0.020299352,0.020541704,0.01575284,0.012941564,0.014182403,18.14,75.97,0.494,89,2.91E-05,1.94E-05,0,0.000494397,9.69E-06,0.002239327,4.85E-06,4.85E-06,0.000121176,0.00246229,0,2.42E-05,1.45E-05,0.000101788,0.000121176,0.000688278,0.001759471,0.000455621,0.000610726,0.000145411,0.000198728,0.000101788,0.197067205
Lalitpur,0.001501713,0.130433297,0.199131869,0.024975862,0.004374834,0.0019973,0.021013304,0.001048849,0.103231567,0.149964113,0.006562252,0.332393427,0.003249084,0.005496313,0.014626217,468132,0.015,0.076,0.005,20.32,23.34,19.18,0.0403,0.162,0.3048,0.021993797,0.016728188,0.015749831,0.017204549,0.004503003,0,0.015993352,0.016728188,0.015749831,0.017204549,0.001892629,0.00476575,0.001894765,83.69,89.33,0.601,103,0,0,0,0,0,0,0,0,0,0,0,0,0,0,0,0,0,0,0,0,0,0,-1.783689857
Lamjung,7.15E-05,0.127507095,0.177434356,0.179485345,0.000256374,0.000101357,0.001639598,0.000172903,0.379349407,0.087035845,0.00561637,0.037102621,0,0.002772412,0.001454771,167724,0.039,0.168,0.013,36.38,21.94,26.98,0.057,0.322,0.1168,0.02180964,0.020843767,0.020259474,0.020301209,0,0.000166941,0.020998784,0.021654623,0.024206434,0.020867616,0.014660991,0.004525292,0.013736853,56.19,89.2,0.507,83,0,5.96E-06,1.19E-05,0.000488898,0,0.000882402,0,0,7.75E-05,0.00095991,0,4.77E-05,0,8.35E-05,1.19E-05,0.00128783,0.001848275,0.000101357,0.001884048,0.001305717,0,0.000351768,-0.266034423
Mahottari,2.07E-05,0.018343478,0.020727238,0.011004175,0.062736225,0.15453966,0.378216323,0.077182192,0.026728067,0.023369132,0.133606871,0.007023806,0.001416552,0.004665541,0.080420026,627580,0.035,0.162,0.011,62.96,26.59,44.75,0.0755,0.436,0.0958,0.024683706,0.022229835,0.021168616,0.021390102,0.013754422,0.000313904,0.022594729,0.022229835,0.021168616,0.021576532,0.022642532,0.003341407,0.024986456,17.11,77.69,0.388,98,1.75E-05,3.19E-06,0.000312311,0.001587049,4.78E-06,0.000455719,0,1.59E-06,9.56E-06,0.000556104,0,3.35E-05,0,0.000524236,3.19E-06,9.24E-05,0.000138628,3.19E-05,0.00011632,6.37E-06,1.27E-05,2.87E-05,0.810838706
Makwanpur,0.00020453,0.140918528,0.114867163,0.040817928,0.001724232,0.000692071,0.011967361,0.00066591,0.074063504,0.541178233,0.004278474,0.061989122,0.00119626,0.002378251,0.003058431,420477,0.073,0.279,0.027,38.21,23.32,28.44,0.0794,0.251,0.2155,0.02104039,0.020372101,0.019187732,0.018552739,0,0.00083001,0.019946394,0.020885804,0.019744243,0.019161571,0.010740183,0.004849255,0.009565327,48.05,72.12,0.497,97,2.62E-05,4.76E-06,6.90E-05,0.001586294,1.19E-05,0.000791958,0,9.51E-06,7.61E-05,0.00194541,1.90E-05,4.76E-06,1.43E-05,0.000711097,5.23E-05,8.09E-05,0.000494676,1.19E-05,0.000454246,0.001391277,0,0.000554133,-0.80818824
Manang,0,0.034567146,0.039920465,0.051391863,0,0,0,0,0.573722851,0.268736617,0,0.019424901,0,0.009788926,0.002447232,6538,0.099,0.369,0.038,29.18,28.56,25.52,0.1202,0.547,0.0242,0.013612726,0.01315387,0.010247782,0.009635974,0,0.000305904,0.010247782,0.013000918,0.011318446,0.00933007,0.007800551,0.00076476,0.007035791,45.59,96.08,0.568,127,0,0,0,0.002141328,0,0,0,0,0,0,0,0,0,0,0,0.000152952,0,0.000917712,0.000611808,0.000152952,0,0,-3.027681688
Morang,0.000272434,0.130721899,0.129211598,0.039133182,0.009381895,0.071743477,0.084206056,0.052200711,0.136201664,0.038266157,0.047391156,0.031745341,0.01396563,0.02745683,0.188101971,965370,0.033,0.165,0.01,35.09,17.29,25.32,0.07,0.315,0.0308,0.022910387,0.020506127,0.019558304,0.019669142,0.013495344,8.70E-05,0.020099029,0.020862467,0.019944684,0.020032734,0.005766701,0.013334784,0.007881952,46.49,85.76,0.513,94,9.63E-05,3.73E-05,0.000122233,0.002033417,2.49E-05,0.000696106,0,1.76E-05,3.83E-05,0.00103898,0,1.97E-05,5.18E-06,0.001087666,4.14E-06,0.000804873,0.001301056,0.000411241,0.001486477,0.000841128,0.000540725,0.00021339,-0.262721789
Mugu,0,0.052219368,0.654795066,0.136182759,0,0,0.002532287,0.00032558,0.001483196,0.08825019,0,0.002622725,0,0.060557827,0.001031002,55286,0.125,0.471,0.047,60.75,37.44,45.22,0.0941,0.502,0.2468,0.027945592,0.028542488,0.023821582,0.018268639,0,0.009206671,0.020819014,0.038906776,0.031490793,0.017671743,0.017309988,0.004413414,0.010545165,24.38,81.26,0.397,103,0,0,0,0.007506421,0,0,0,0,0,0.000235141,0,0,0,0,0,1.81E-05,0.000434106,3.62E-05,0.000560721,1.81E-05,5.43E-05,0,1.005025199
Mustang,0,0.036723164,0.081400535,0.130240856,0,0,0,0,0.510110021,0.214391912,0,0.009812667,0,0.012488849,0.004831995,13452,0.109,0.4,0.042,38.65,31.51,31.16,0.1202,0.547,0.0832,0.014272971,0.014570324,0.013306572,0.011968481,0,0.00044603,0.013975617,0.014570324,0.013306572,0.011968481,0.008400238,0.004385965,0.011150758,0,0,0.508,112,0,0,0,0.001932798,0.000148677,0.001263753,0,0,0.000148677,0.005872733,0,0.001189414,0,0,0,0.000297354,0.000892061,0.000520369,0.000743384,0.000297354,0,0.000371692,-2.295566677
Myagdi,0,0.080446318,0.194533663,0.245140398,0.000105596,0.000175993,0.002023917,0,0.449740851,0.002807085,0.001583935,0.013762638,0,0.002983078,0.006696527,113641,0.073,0.286,0.027,34.84,30.03,28.54,0.0727,0.475,0.1256,0.028009257,0.025070177,0.023979022,0.024128616,0,0.000633574,0.025017379,0.024067018,0.023380646,0.023600637,0.014616204,0.015856953,0.016252937,0,0,0.49,83,2.64E-05,8.80E-06,3.52E-05,0.000835966,8.80E-06,0.001601535,0,3.52E-05,3.52E-05,0.00319427,0,3.52E-05,8.80E-06,0.000290388,0.000510379,0.000105596,0.000651173,0.000140794,0.00049278,2.64E-05,2.64E-05,3.52E-05,0.882492257
Nawalparasi,0.000116549,0.174914686,0.081795409,0.067273445,0.003372141,0.062078482,0.102668498,0.039917142,0.207147386,0.03776643,0.037555089,0.019454304,0.000689968,0.013180877,0.152069594,643508,0.038,0.17,0.013,36.25,26.01,27.99,0.0809,0.389,0.1311,0.018981893,0.019179249,0.019173033,0.018638463,0.015337805,0.00016783,0.018834265,0.019185465,0.01904716,0.018640017,0.01069606,0.005698453,0.013300534,47.57,83.95,0.493,89,2.80E-05,4.66E-06,0.000153844,0.00013675,1.24E-05,0.000590513,0,4.66E-06,6.68E-05,0.000761451,0,9.32E-06,6.22E-06,0.00172492,3.57E-05,7.46E-05,0.000402481,0.000265731,0.000295257,7.46E-05,1.09E-05,1.55E-05,-0.468434875
Nuwakot,0,0.189439617,0.135347478,0.067217835,0.000115327,5.05E-05,0.002778669,0.000151367,0.076476461,0.446399804,0.001290225,0.074440212,6.49E-05,0.005643833,0.000583845,277471,0.042,0.203,0.013,49.41,24.71,35.66,0.0677,0.371,0.1232,0.020679639,0.020607559,0.019785851,0.019872347,0,0.00033517,0.020023714,0.021613069,0.02081659,0.020939125,0.009622627,0.00844773,0.00915411,31.15,77.92,0.466,92,2.52E-05,2.16E-05,1.44E-05,0.002176804,0,0.000605469,1.44E-05,0.000162179,0.000291922,0.001492048,0,0.000147763,3.60E-05,0.000504557,3.24E-05,0.000144159,0.000288318,6.49E-05,0.000172991,2.16E-05,1.44E-05,1.44E-05,-0.609456173
Okhaldhunga,0,0.106038491,0.235816034,0.103321981,0,0.000236512,0.007683263,0.003378744,0.335448427,0.134724024,0.000175695,0.065439507,0.00013515,0.002817872,0.004784301,147984,0.041,0.205,0.012,43.86,37,35.6,0.0717,0.567,0.1729,0.024502649,0.020691426,0.018502,0.018927722,0,0.000263542,0.022191588,0.023468753,0.021123905,0.02119148,0.00814953,0.006933182,0.016319332,52.2,82.4,0.468,87,6.76E-06,0,2.70E-05,0.000385177,0,0.002385393,0,6.08E-05,0.000513569,0.002277273,0,4.73E-05,0,0.001243378,2.03E-05,0.000500054,0.00422343,0.000175695,0.01196751,0.003730133,0.000121635,0.001770462,-0.316030683
Palpa,0.000191439,0.174622865,0.095095337,0.120173826,8.42E-05,0.000229727,0.001520025,4.59E-05,0.532781989,0.030289456,0.004709396,0.034577686,4.21E-05,0.003587564,0.002048396,261180,0.052,0.216,0.018,29.18,28.42,25.23,0.0725,0.359,0.2093,0.026077801,0.022494065,0.021682365,0.021559844,0,0.000168466,0.023309595,0.022494065,0.021682365,0.022325599,0.001600429,0.017298415,0.002419787,0,0,0.5,80,0.000704495,0.000352247,9.19E-05,0.000436481,3.83E-05,0.000823187,0,9.95E-05,0.000107206,0.001079715,3.83E-06,5.36E-05,0.000141665,0.004740026,7.66E-06,0.001711463,0.014346428,0.000168466,0.00497741,0.002251321,0.00015698,0.000417337,-0.292039285
Panchthar,0,0.107362747,0.103729075,0.060807958,0.000161612,0.000265878,0.001970628,0.000166826,0.620753114,0.084080139,0.000286732,0.014300088,0.000344078,0.004097656,0.00167347,191817,0.019,0.114,0.005,33.09,42.63,33.66,0.0916,0.569,0.2835,0.024398255,0.022724785,0.021431886,0.021108661,0,0.000323225,0.022662225,0.023751805,0.022698718,0.022234734,0.01400293,0.009853141,0.01174557,62.9,68.12,0.498,89,2.61E-05,0.000218959,0.000234599,0.001131287,0,0.000359718,0,1.04E-05,0.000370144,0.002476319,0,8.86E-05,0,9.38E-05,0.000208532,6.26E-05,0.000291945,4.69E-05,0.000427491,5.21E-06,3.65E-05,4.17E-05,0.099186224
Parbat,0,0.357254929,0.212258681,0.234490757,0,0.000109148,0.000948223,0,0.155085613,0.008677263,0.004236305,0.023828365,0,0.001548537,0.00156218,146590,0.025,0.127,0.008,32.43,21.84,24.62,0.0611,0.262,0.1747,0.021140596,0.020226482,0.019353298,0.019769425,0,0.000341087,0.020785865,0.020547104,0.019619346,0.0202947,0.003056143,0.01194488,0.008445324,75.35,88.03,0.51,80,8.19E-05,0.009946108,0.00276963,0.007913227,6.82E-06,0.003301726,0,0,5.46E-05,0.003206221,0,6.82E-06,0,0.0003138,4.78E-05,3.41E-05,0.001937376,8.87E-05,0.001002797,0.00011597,0.000184187,6.82E-05,-0.789834163
Parsa,0.000134772,0.026350336,0.038280115,0.005710321,0.026327042,0.120806899,0.380964266,0.076162571,0.015894725,0.025247206,0.145107376,0.016508684,0.011873208,0.012911448,0.09772103,601017,0.071,0.292,0.025,51.31,20.91,36.37,0.053,0.372,0.0462,0.022917821,0,0,0.019189141,0.009500563,0,0.020455328,0,0,0.020320557,0,0.010379074,0.024415283,25.49,80.17,0.464,108,0,0,0,0,0,0,0,0,0,0,0,0,0,0,0,0,0,0,0,0,0,0,-2.441169272
Pyuthan,7.89E-05,0.098587474,0.294030741,0.215986708,0.000214816,0,0.00019728,0.000254272,0.347099105,0.017281742,0.002691778,0.016812654,7.89E-05,0.001012705,0.005672901,228102,0.079,0.322,0.028,41.99,34.64,33.93,0.1161,0.484,0.2087,0.032130363,0.029758617,0.028333816,0.028167223,0,0.000170976,0.031056282,0.031420154,0.03073625,0.030319769,0.010635593,0.018991504,0.013485195,21.03,88.77,0.413,78,0,0,4.38E-06,0.001030241,2.19E-05,0.000622529,0,4.38E-06,8.33E-05,0.001288897,0,1.32E-05,0,0.000955713,1.32E-05,0.000192896,0.001012705,5.26E-05,0.000135904,0.000464704,0,0,2.031373424
Ramechhap,0,0.048458889,0.277029894,0.087008873,0.000281279,0.000207258,0.001993624,8.39E-05,0.149625455,0.286233136,0.000162846,0.144967085,5.92E-05,0.003158217,0.000730338,202646,0.056,0.256,0.018,47.9,32.4,36.35,0.0592,0.444,0.2039,0.019738855,0.019003583,0.018524915,0.018460764,0,0.000414516,0.01981781,0.019521728,0.019102277,0.01896904,0.0090552,0.00586244,0.010506006,31.27,79.05,0.468,85,1.48E-05,0,1.48E-05,0.00060697,4.93E-06,0.001085637,1.97E-05,3.45E-05,8.88E-05,0.004470851,0,9.38E-05,1.48E-05,0.000148041,4.93E-05,0.000143107,0.000759946,5.43E-05,0.003089131,0.00016778,4.93E-05,9.87E-05,-0.975132167
Rasuwa,0,0.150692841,0.02630485,0.030669746,0.000692841,0,0.001639723,0,0.04743649,0.713441109,0,0.023371824,0,0.0047806,0.000969977,43300,0.072,0.316,0.024,58.68,28.57,42.24,0.087,0.45,0.1213,0.023741339,0.022378753,0.021709007,0.021224018,0,0.000300231,0.02334873,0.023140878,0.0226097,0.022424942,0.002494226,0.010046189,0.016836028,41.89,89.44,0.461,98,0,0,0,0.002170901,0,0.002055427,2.31E-05,0,0.000300231,0.002678984,0,2.31E-05,0,0.000277136,0.000115473,0.000415704,0.00034642,2.31E-05,0.000138568,4.62E-05,2.31E-05,4.62E-05,-0.089926167
Rautahat,0.000643637,0.026295939,0.019183891,0.005380634,0.02360635,0.124191449,0.415593209,0.086851739,0.013366399,0.029056882,0.197341865,0.003727855,0.002079444,0.004600115,0.048080592,686722,0.083,0.334,0.029,66.11,22.29,46.43,0.0727,0.397,0.0487,0.02497954,0.025666864,0.024287849,0.02374032,0.001153305,0.001297468,0.02068377,0.025837238,0.024513559,0.021950658,0.026673093,0.001533372,0.022521486,17.58,73.8,0.386,105,0.000149988,3.35E-05,0.000117952,0.001425613,8.74E-06,0.000109215,0,1.75E-05,2.18E-05,0.000586846,0,0,5.82E-06,0.000339293,5.24E-05,4.37E-05,5.82E-05,1.60E-05,0.000161637,4.95E-05,2.33E-05,2.77E-05,0.888891472
Rolpa,0,0.01173688,0.37031527,0.16664588,6.68E-05,0.000111356,0.000293979,0,0.438705424,0.000935387,0.000962112,0.002476549,0,0.006213642,0.001536707,224506,0.056,0.26,0.018,49.26,37.16,38.57,0.108,0.513,0.2303,0.028689656,0.026832245,0.024083989,0.024382422,0,0.000699313,0.027348935,0.035121556,0.025803319,0.026097298,0.004276055,0.015496245,0.008930719,20.41,76.2,0.395,85,0,0,1.78E-05,0.001362993,0,0.001371901,0,6.68E-05,0.000138081,0.002053397,0,0.000124718,3.12E-05,0.000565686,1.78E-05,0.000178169,0.000556778,2.67E-05,0.000267253,4.01E-05,3.12E-05,4.90E-05,0.971625367
Rukum,0,0.03313084,0.503560007,0.211922308,9.59E-05,0.000139044,0.000805497,0,0.24363394,0.000781523,0.000604122,0.002824033,0,0.001980179,0.000522614,208567,0.058,0.263,0.019,49.19,38.85,39.02,0.0814,0.513,0.2641,0.029328705,0.024812171,0.021556622,0.021192231,0,0.002181553,0.024351887,0.026749198,0.023532007,0.023383373,0.017020909,0.006587811,0.014148931,20.32,79.05,0.431,91,0.001006871,4.79E-05,0.000139044,0.003509664,4.79E-06,0.00101646,0,6.23E-05,3.84E-05,0.000513025,0,0,1.44E-05,0.001500717,5.75E-05,0.000786318,0.002435668,0.000254115,0.000680836,0.000604122,7.67E-05,0.000230142,0.606063828
Rupandehi,0.000653264,0.159338375,0.082774746,0.048173361,0.00881849,0.073141664,0.170424542,0.101337657,0.131747929,0.00860831,0.082331662,0.021356607,0.004435376,0.009753509,0.097104509,880196,0.041,0.173,0.014,35.61,20.1,26.15,0.073,0.377,0.025,0.023669728,0.020543152,0.01962063,0.019921699,0.015618112,0,0.020948743,0.020543152,0.01962063,0.019921699,0.015052329,0.013467455,0.01475694,48.74,91.81,0.498,96,0,0,0,0,0,0,0,0,0,0,0,0,0,0,0,0,0,0,0,0,0,0,0.290179139
Salyan,0,0.026076125,0.640519048,0.169800036,4.54E-05,0,0.000379469,0,0.152340334,0.001497253,0.00110541,0.005733283,0,0.001814852,0.000688819,242444,0.063,0.288,0.021,44.5,48.14,40.57,0.0823,0.541,0.4219,0.024933593,0.022731022,0.019295177,0.018977578,0,9.49E-05,0.024710861,0.025094455,0.023015624,0.022438171,0.008641171,0.011916154,0.011986273,16.37,57.34,0.441,92,8.25E-06,0,1.24E-05,0.003031628,4.12E-06,0.000688819,0,0,1.24E-05,0.00061045,0,0,0,0.000193859,0,9.49E-05,0.001546749,4.54E-05,0.000284602,4.54E-05,1.65E-05,1.24E-05,0.011421424
Sankhuwasabha,0,0.053413715,0.190768669,0.082410452,0.001442592,0.000163788,0.001329201,0.000258281,0.476912222,0.141040178,0.000258281,0.047479558,0.000522861,0.002941881,0.001058321,158742,0.041,0.21,0.012,36.84,39.91,33.64,0.0843,0.474,0.3241,0.02292399,0.021090827,0.020404178,0.019597838,0,0.000516561,0.020259289,0.022023157,0.021878268,0.021601089,0.001820564,0.018167845,0.002715097,53.39,80.27,0.488,90,1.26E-05,6.30E-06,1.26E-05,0.000648852,0,0.002778093,0,0,0.000144889,0.00120951,0,0.000201585,0,0.001115017,3.15E-05,0.000251981,0.001127616,0.000220484,0.000774842,0.000346474,0.000144889,8.82E-05,-0.578290597
Saptari,0.000259666,0.013048974,0.015606522,0.010217681,0.022752016,0.22983056,0.347784396,0.037410603,0.011639584,0.009776563,0.089389067,0.004195319,0.004519118,0.021957377,0.181612554,639284,0.1,0.395,0.036,54.56,18.69,38.34,0.0539,0.334,0.0397,0.024195819,0.022706653,0.02154598,0.021416147,0.010810532,0.000611622,0.021400504,0.022520507,0.022257713,0.021696148,0.014736799,0.015066856,0.011824166,19.01,72.31,0.437,96,2.50E-05,0,5.94E-05,0.001349948,1.56E-06,4.69E-05,3.13E-06,7.82E-06,3.75E-05,0.001079333,0,0,1.56E-06,0.000179889,3.13E-06,1.72E-05,0.000137654,9.39E-06,0.00039732,1.25E-05,2.66E-05,6.26E-06,0.491271385
Sarlahi,3.38E-05,0.035774929,0.04252016,0.0140504,0.030556209,0.126584811,0.435826115,0.076148878,0.025349181,0.072073418,0.078929078,0.009551414,0.003955938,0.003614259,0.045031433,769729,0.036,0.177,0.011,62,24.36,43.86,0.0704,0.377,0.1101,0.024012347,0.021729726,0.019856339,0.019276914,0,0.000523561,0.020091487,0.022193525,0.020298053,0.019532849,0.017925789,0.012147132,0.016587656,17.47,81.25,0.402,103,7.79E-06,6.24E-05,0.000193575,0.002528163,1.30E-06,0.000393645,0,0,2.21E-05,0.000391047,2.34E-05,1.43E-05,1.30E-05,0.000471595,0.000235148,3.77E-05,3.25E-05,6.50E-06,6.50E-05,6.89E-05,2.60E-05,5.20E-06,0.021056382
Sindhuli,0,0.0779123,0.147944576,0.112497974,0.002123623,0.00684691,0.008717318,0.000229581,0.176797483,0.400966265,0.000604338,0.062803857,0,0.001242437,0.001313337,296192,0.099,0.383,0.036,48.92,35.91,37.95,0.0856,0.363,0.3552,0.022995219,0.020868221,0.019156493,0.019288164,1.01E-05,0.001131023,0.020672402,0.022394258,0.02063864,0.020942497,0.01310974,0.006495787,0.011090779,21.01,61.77,0.44,92,4.73E-05,2.70E-05,0.000243086,0.001131023,2.36E-05,0.000503052,0,3.38E-06,0.000189067,0.001397742,0,7.43E-05,2.03E-05,0.001711728,0.000317362,0.000175562,0.000276847,4.39E-05,0.000270095,5.74E-05,2.36E-05,4.05E-05,-0.414289188
Sindhupalchok,0.000799172,0.103284248,0.220717309,0.07338133,0.00014941,6.25E-05,0.001761652,0.000145936,0.064378488,0.421656857,0.000132037,0.111109181,0,0.001587919,0.000833918,287798,0.054,0.254,0.017,50.49,32.93,38.03,0.0841,0.466,0.1926,0.01927741,0.020358029,0.019736065,0.019972342,0,0.000479503,0.020444895,0.020430997,0.019864627,0.020066158,0.005073003,0.007689421,0.00703966,33.85,80.93,0.455,93,3.47E-06,3.47E-06,1.39E-05,0.00188674,3.47E-06,0.001563597,0,1.04E-05,0.000361365,0.00301253,0,2.78E-05,0,0.000413484,4.86E-05,0.000225853,0.000569844,7.64E-05,0.000211954,0.00014941,3.13E-05,5.56E-05,-0.933953112
Siraha,3.14E-05,0.009420581,0.013266324,0.009630834,0.011204592,0.210340672,0.464627319,0.054874413,0.015696784,0.033497665,0.074867258,0.005341049,0.004125035,0.012193094,0.080882999,637328,0.08,0.346,0.027,60.04,24.99,42.62,0.0637,0.397,0.1027,0.024641943,0.023460447,0.022542553,0.022164411,0.008811789,0.000241634,0.023167035,0.023460447,0.022542553,0.022172257,0.018467728,0.024354806,0.017636131,18.47,72.03,0.408,95,3.92E-05,0,0.000106695,0.000541323,4.71E-06,6.28E-05,0,3.14E-06,1.26E-05,0.000861409,6.28E-06,0,3.14E-06,0.000924171,2.67E-05,0.00021496,0.0001977,8.94E-05,0.000359313,0.0001318,9.89E-05,0.0001318,1.138664543
Solukhumbu,0,0.046200631,0.158028446,0.077319003,0.000368321,0.000226659,0.006185898,0,0.54342406,0.138837996,0.000122774,0.024488601,0.000151106,0.002984342,0.001662165,105886,0.057,0.257,0.019,42.49,29.39,32.48,0.0874,0.476,0.1118,0.020899836,0.017660503,0.016546097,0.015771679,0,0.000226659,0.019435997,0.017669947,0.016546097,0.015771679,0.014005629,0.006894207,0.012683452,39.64,77,0.502,94,1.89E-05,2.83E-05,0,0.004193189,0,0.000538315,0,0.000339988,9.44E-06,0.000849971,0,1.89E-05,1.89E-05,0.000339988,1.89E-05,0.000292768,0.000273879,8.50E-05,0.000651644,0.002124927,9.44E-06,0.000132218,-1.112832434
Sunsari,0.000141456,0.079912297,0.099948002,0.036060863,0.008461179,0.078015736,0.14639411,0.016701005,0.147538858,0.036211488,0.115487232,0.038036011,0.009921583,0.011438309,0.175731872,763487,0.022,0.12,0.006,37.12,16.49,26.52,0.071,0.294,0.0358,0.022490232,0.020526872,0.019860194,0.019537988,0.010750674,0.000349711,0.019953188,0.020526872,0.019860194,0.019537988,0.008288288,0.01524191,0.007886185,51.33,77.51,0.496,95,2.62E-06,0,6.68E-05,0.000373287,1.31E-06,0.00041389,0.000108712,0,3.27E-05,0.000984955,0,7.86E-06,0,0.00041389,2.62E-05,6.16E-05,5.24E-05,3.93E-06,0.000280293,1.05E-05,3.93E-06,3.93E-06,-0.243996201
Surkhet,3.99E-05,0.115278047,0.380622798,0.258041527,0.000242301,0.000139679,0.001718909,3.14E-05,0.203629377,0.007460006,0.005202335,0.005436084,0.000136829,0.002317533,0.01970331,350804,0.075,0.305,0.026,33,47.58,36.36,0.0839,0.579,0.3726,0.025683858,0.023993455,0.022667929,0.022040798,0,0.000344922,0.023845224,0.02440109,0.023218093,0.022610917,0.008129896,0.013369289,0.013882396,36.53,77.48,0.476,93,2.28E-05,1.14E-05,2.57E-05,0.00690414,0,0.001687552,0,0,5.70E-06,0.002856296,0,0.000139679,0,0.000772511,2.85E-06,9.41E-05,0.000564418,7.70E-05,0.000444693,0.000313565,2.57E-05,0.000111173,0.304432004
Syangja,4.50E-05,0.308807254,0.145541384,0.158669609,0.000491098,8.30E-05,0.001407584,0,0.330014387,0.010600108,0.006868455,0.033322036,4.84E-05,0.002856669,0.001245037,289148,0.024,0.118,0.007,29.63,28.15,25.31,0.0685,0.391,0.172,0.021739732,0.021131047,0.019965554,0.020259521,0,0.000657103,0.021798525,0.021200216,0.020069307,0.020428984,0.004302295,0.014694897,0.013512111,68.4,78.51,0.527,77,6.92E-06,0.0002663,3.46E-05,0.003330474,1.73E-05,0.002196107,0,0.000148713,8.65E-05,0.001898682,6.92E-06,8.30E-05,2.42E-05,0.000871526,2.42E-05,0.000304342,0.001905599,0.000383886,0.001352249,0.000200589,4.50E-05,0.000152171,-0.386950868
Tanahu,3.71E-05,0.118723862,0.1462968,0.161465937,0.000238178,0.000300042,0.003455124,0.00035572,0.42843842,0.046039445,0.012901809,0.076786024,0.000241271,0.003229319,0.001490931,323288,0.033,0.148,0.011,31.68,36.03,29.75,0.0727,0.473,0.2476,0.020727648,0.020053327,0.018723244,0.018636634,0,0.000142288,0.019675955,0.020622479,0.019638836,0.019329514,0.011899607,0.0019611,0.011958378,56.63,82.44,0.506,80,3.09E-05,1.86E-05,3.09E-05,0.000612457,9.28E-06,0.00079805,0,3.09E-06,0.000160847,0.001314617,3.71E-05,4.02E-05,6.50E-05,0.001224914,3.09E-06,0.000188686,0.000411398,7.42E-05,0.000417584,0.000126822,6.19E-05,0.000136102,-0.850832324
Taplejung,0,0.077796346,0.127693961,0.071166867,0,0.000156911,0.001357278,0.000125529,0.621327308,0.078769192,0,0.015918595,0,0.004244436,0.001443579,127461,0.055,0.27,0.017,34.28,23.98,26.42,0.1078,0.385,0.0946,0.025592142,0.024580068,0.023795514,0.023144334,0,0.00080809,0.024768361,0.025019418,0.024211327,0.023505229,0.019370631,0.005899844,0.017479857,53.82,71.31,0.494,90,0,0,0,0.000604106,0,0.002761629,4.71E-05,7.85E-06,0.00109053,0.006072446,2.35E-05,9.41E-05,8.63E-05,0.000156911,5.49E-05,0.001474961,0.002165368,0.001145448,0.000360895,0.00058057,0.000196138,9.41E-05,0.70029372
Terhathum,0,0.133219134,0.206572354,0.092944269,0.000354411,0,0.001073078,0.000226429,0.463018203,0.0698288,0.000305187,0.028923871,0,0.0025301,0.001004164,101577,0.025,0.146,0.007,30.64,42.85,33.01,0.0799,0.634,0.2229,0.022012857,0.021943944,0.02092009,0.020290026,0,0.000196895,0.022524784,0.023145003,0.022209752,0.021628912,0.007166977,0.017188931,0.008683068,58.13,90.79,0.527,87,9.84E-06,1.97E-05,3.94E-05,0.000531616,0,0.002953424,0,9.84E-06,0.000324877,0.003672091,0,0.000502082,0,6.89E-05,3.94E-05,7.88E-05,0.001506246,2.95E-05,0.000443014,0.000108292,9.84E-05,2.95E-05,-0.156232662
Udayapur,0,0.059902624,0.228153383,0.106584533,0.001209327,0.013315193,0.020473527,0.000784173,0.328370054,0.11873449,0.006824509,0.034443773,0.000462945,0.002012396,0.078729073,317532,0.058,0.259,0.019,39.3,26.03,29.74,0.0815,0.3,0.2207,0.023745638,0.021840318,0.020133404,0.019916103,0.01390411,0.001058161,0.021808826,0.023351977,0.021626167,0.021862363,0.011787788,0.011198871,0.012109016,25.7,64.18,0.475,89,1.89E-05,0,3.78E-05,0.001451822,1.89E-05,0.000494438,0,7.56E-05,3.15E-05,0.001499062,3.46E-05,3.15E-05,0,0.000724336,0.000229898,0.000198405,0.0004409,0.000125972,0.000289735,0.000163763,2.52E-05,3.46E-05,0.30881539
Achham,0,0.102036298,0.581749049,0.135157703,0.00010098,0,0.004920828,0,0.006921007,0.002637129,0.000998147,0.000493248,0.001743845,0.162239734,0.001002031,257477,0.127,0.472,0.047,54.92,51.76,46.68,0.095,0.592,0.4431,0.029812372,0.029668669,0.029579341,0.029443407,0,0.000477713,0.029443407,0.029668669,0.029579341,0.029443407,0.006621951,0.016987925,0.007410371,19.08,88.01,0.378,87,1.55E-05,0.003359523,5.44E-05,0.00274976,2.33E-05,0.001219526,0,3.11E-05,4.27E-05,0.000726278,3.88E-06,0,0,0.000240798,6.21E-05,3.50E-05,0.001207875,0.00015147,0.001479744,0.000419455,1.94E-05,0.000139818,1.548278002
Arghakhanchi,0,0.327664548,0.193248057,0.209019794,0.001603991,6.58E-05,0.001057521,0,0.193349255,0.034726158,0.008971219,0.027971179,0,0.00113848,0.001184019,197632,0.069,0.288,0.024,34.43,27.24,27.37,0.0771,0.31,0.2348,0.023523518,0.024742957,0.023280643,0.023776514,0,9.11E-05,0.023356541,0.024874514,0.023376781,0.023796754,0.006097191,0.01116216,0.011480934,46.2,82.97,0.482,77,5.06E-06,0,2.02E-05,0.00333448,0,0.000612249,0,1.52E-05,2.02E-05,0.002626093,0,1.52E-05,0,0.000237816,0,0.000283355,0.001932885,0.000161917,0.001350996,0.000101198,3.54E-05,0.000333954,0.173441397
Baglung,4.47E-05,0.195385182,0.205600622,0.26323,0.001165245,0,0.000926984,0,0.308175703,0.009563945,0.002762338,0.010721745,0,0.001786957,0.000636604,268613,0.053,0.229,0.018,34.46,27.01,27.33,0.0852,0.429,0.1112,0.024615339,0.02460417,0.023718137,0.024362186,0,0,0.023610175,0.02460417,0.023718137,0.024362186,0.013748404,0.003845681,0.014727508,59.32,90.87,0.478,78,3.72E-06,2.61E-05,1.12E-05,0.001708778,0,0.000323886,0,1.86E-05,3.72E-06,0.001809294,1.12E-05,0.000163804,1.49E-05,0.000148913,0,0.000379728,0.00221136,0.000167527,0.001124294,0.000320163,0.000376006,0.000483968,0.353344733
Baitadi,5.18E-05,0.185497692,0.603898796,0.083153313,0.001610216,0.000127542,0.052499422,0,0.003870099,0.000617781,8.37E-05,0.000482268,0.000135513,0.066975424,0.000996421,250898,0.123,0.457,0.046,45.15,45.38,39.58,0.0814,0.592,0.3157,0.025715629,0.02563193,0.025560188,0.025576131,0,0.001578331,0.024045628,0.024448182,0.025277204,0.025576131,0.007421343,0.0129455,0.006982917,25.59,89.66,0.416,88,2.39E-05,0,3.19E-05,0.002064584,7.97E-06,0.000538067,3.99E-06,3.99E-06,0.000589881,0.00072938,0,0.000131528,2.39E-05,0.000561981,3.99E-06,0.00020327,0.00052611,5.98E-05,0.000514153,1.99E-05,0.00017537,0.000103628,0.49041291
Bajhang,7.69E-05,0.101952767,0.726489683,0.11310265,0.000497031,0.000102481,0.000276697,0,0.002054735,0.001393735,0,0.000912077,0.000261325,0.052198464,0.000681496,195159,0.162,0.568,0.063,54.97,48.05,45.32,0.1281,0.632,0.3291,0.027270072,0.02691139,0.026716677,0.026552708,0,0.000440666,0.026035182,0.026619321,0.026224771,0.026260639,0.019286838,0.006266685,0.015018523,14.03,58.23,0.365,91,6.66E-05,1.54E-05,2.56E-05,0.000988937,0,0.00068662,0,0.000251077,1.02E-05,0.000707116,0,5.12E-06,5.12E-06,0.000461162,2.05E-05,0.000102481,0.001260511,0.000174217,0.000855713,0.000133225,3.59E-05,0.000230581,1.136959007
Bajura,0,0.07001601,0.653892908,0.203199122,0.000103771,0.000111184,0.040522711,0.000689338,0.003142789,0.014520576,0.000741224,0.000452147,0.000318726,0.010436433,0.00185306,134912,0.199,0.641,0.082,55.48,41.17,43.28,0.1379,0.508,0.3153,0.027025024,0.025512927,0.025349858,0.025097842,0,0.001074775,0.023963769,0.025446217,0.025438805,0.024675344,0.008116402,0.00916894,0.008294296,10.57,86.82,0.364,95,0,2.22E-05,7.41E-06,0.002134725,0,0.00029649,0,7.41E-06,0,0.001082187,0,0,0,0.000318726,0.000170481,7.41E-06,0.000148245,0,0.000259428,7.41E-06,0,0,0.445273206
Banke,0.000578043,0.066468829,0.194220385,0.067950573,0.01539141,0.043589321,0.125246024,0.022515179,0.06686776,0.006443957,0.18989524,0.012912339,0.005084335,0.024819209,0.158017394,491313,0.066,0.264,0.024,43.69,24.83,32.1,0.0784,0.448,0.0487,0.027666681,0.024033559,0.023164459,0.022545709,0.016799881,0.000614679,0.020713883,0.024033559,0.023164459,0.022545709,0.012193856,0.01168298,0.009808411,35.97,90.56,0.475,99,2.85E-05,1.83E-05,0.000107874,0.002564557,6.11E-06,0.000309375,1.63E-05,3.87E-05,1.63E-05,0.000722554,0,2.44E-05,8.14E-06,0.000455921,8.14E-06,6.11E-05,0.0001669,1.83E-05,0.000134334,2.04E-05,1.63E-05,2.04E-05,0.722737743
Bara,7.27E-05,0.043175301,0.035685204,0.005963287,0.010929057,0.111857067,0.362694632,0.078235239,0.015726151,0.053627412,0.130628115,0.008416363,0.001423569,0.006693248,0.134872649,687708,0.072,0.299,0.025,56.75,21.78,40.09,0.0624,0.396,0.0396,0.02507605,0.024588924,0.02394621,0.023204616,0.013353051,0.000444956,0.022000617,0.024618006,0.023776079,0.023121732,0.011230057,0.012765592,0.010220908,19.06,88.58,0.457,104,2.91E-06,1.45E-06,6.25E-05,0.001529719,1.31E-05,0.000205029,0,3.20E-05,9.89E-05,0.001689671,0,1.60E-05,1.02E-05,0.000894275,0.000321357,0.000338807,0.000238473,3.64E-05,0.000250106,0.000199212,4.94E-05,2.62E-05,0.705161252
Bardiya,6.80E-05,0.087159146,0.145176944,0.08406005,0.003185833,0.013683376,0.032378755,0.020528581,0.038023705,0.005994243,0.025955516,0.005623851,0.000743127,0.005973144,0.531445745,426576,0.071,0.287,0.025,43.46,26.37,32.3,0.0884,0.506,0.0214,0.018144481,0.019262687,0.018953246,0.019063426,0.016998143,9.14E-05,0.018067121,0.019262687,0.018953246,0.019063426,0.010532707,0.008127508,0.00821659,39.16,82.18,0.466,93,1.41E-05,7.03E-06,0.000192228,0.004334515,1.41E-05,0.000541521,0,0,2.81E-05,0.003120194,0,2.34E-05,4.69E-06,0.001216665,4.69E-06,6.10E-05,0.00045244,0.000107835,0.000363358,0.000363358,6.33E-05,0.000103147,-0.52910157
Bhaktapur,0.000131298,0.142303816,0.214602939,0.017259093,0.001834886,0.00041687,0.007917256,0.000331527,0.047585598,0.093717073,0.004943361,0.455842915,0.000679466,0.00604298,0.006390919,304651,0.029,0.125,0.01,21.87,22.58,19.43,0.0331,0.269,0.1825,0.010720464,0.015824665,0.016477871,0.017229551,0.013888023,0.00032168,0.017968101,0.015873902,0.016477871,0.017268941,0.009817792,0.001667482,0.008691913,87.1,91.66,0.573,103,9.85E-06,3.28E-05,6.56E-06,0.000525191,3.28E-06,0.000643359,3.28E-06,1.64E-05,0.000492367,0.000561298,0,1.31E-05,0,0.000643359,0.000288855,0.000262596,0.000210076,0.000354504,0.000344657,4.60E-05,3.61E-05,4.60E-05,-1.449162616
Bhojpur,7.67E-05,0.061865953,0.208024817,0.098175481,0.000263073,0.000115094,0.001627763,0.000279515,0.435906149,0.109745203,0.000104133,0.08036326,0,0.002526595,0.000926235,182459,0.048,0.244,0.014,36.91,38.46,33.03,0.0965,0.455,0.3143,0.021078708,0.021297935,0.02149524,0.021226687,0,0.000295957,0.019927765,0.021297935,0.021440433,0.021281493,0.003151393,0.012819318,0.004510602,36.8,67,0.479,89,1.64E-05,0,1.10E-05,0.000728931,0,0.000789218,3.29E-05,0,0.001298922,0.005952022,0,1.64E-05,1.64E-05,0.000175382,0,0.000115094,0.000345283,1.64E-05,0.000202785,0.000460377,0,3.84E-05,-0.668156804
Chitawan,0.000215523,0.285614776,0.126034511,0.084391983,0.001234517,0.002317305,0.016619424,0.001760393,0.146547146,0.158440578,0.011689978,0.052166956,0.001239689,0.002082816,0.109644404,579984,0.017,0.089,0.005,27.77,28.88,24.8,0.0645,0.42,0.1577,0.02320064,0.019603989,0.01905225,0.019233289,0.014726268,9.83E-05,0.018455682,0.019603989,0.019014318,0.019233289,0.011096858,0.005015656,0.009412329,83.08,85.05,0.551,93,3.10E-05,4.83E-05,8.62E-05,0.001798325,1.21E-05,0.000808643,0,5.17E-05,4.83E-05,0.000837954,0,5.17E-06,1.21E-05,0.001363831,0.000248283,0.001046581,0.002989738,0.000832782,0.005105313,0.000427598,0.000956923,0.001210378,-0.443907912
Dadeldhura,0,0.158184019,0.578968852,0.188586429,0.00020409,0.000161865,0.01837516,0,0.039143102,0.002871339,0.000260391,0.008818106,0,0.003251369,0.001175278,142094,0.118,0.433,0.045,42.74,38.91,35.8,0.0889,0.486,0.2922,0.026588033,0.024033386,0.024026349,0.024448604,0,0.000647459,0.0222951,0.024033386,0.024026349,0.024448604,0.010401565,0.011583881,0.007586527,43.08,77.51,0.442,88,0.000365955,8.45E-05,0.000154827,0.008557715,0,0.000936,0,7.04E-06,6.33E-05,0.001365293,0,2.11E-05,0,0.001351218,0.000302617,0.000443368,0.005482286,0.000612271,0.002716512,0.001090827,0.000168902,0.000394105,0.302489889
Dailekh,0,0.108824541,0.504759904,0.269117928,0,0,0.000546281,0,0.105623257,0.003006456,0.001753448,0.00311724,4.20E-05,0.002681744,0.00052718,261770,0.088,0.358,0.031,47.7,46.86,41.35,0.0863,0.456,0.4812,0.027027543,0.026867097,0.026485082,0.026538564,0,0.000148986,0.025736333,0.026867097,0.026485082,0.026538564,0.009985865,0.013786912,0.009237117,19.86,55.73,0.422,94,1.15E-05,4.58E-05,1.53E-05,0.002750506,7.64E-06,0.000603583,0,0,0,0.004129579,0,5.35E-05,1.15E-05,0.000187187,0,0.000126065,0.000733468,0.000118425,0.00025213,0.000133705,3.82E-06,7.26E-05,0.913393312
Dang,7.60E-05,0.102455197,0.284663118,0.114116793,0.000378224,0.001847686,0.020136342,0.000689489,0.141021349,0.018022632,0.008644855,0.008319112,0.000164681,0.004216561,0.295247954,552583,0.059,0.251,0.02,37.59,42.01,34.92,0.0798,0.393,0.4472,0.024001824,0.02385343,0.023757517,0.023679701,0.01877365,2.53E-05,0.023554832,0.02385343,0.023757517,0.023679701,0.004082645,0.011205556,0.013359079,44.11,69.25,0.485,90,0,0,2.35E-05,0.002533556,3.62E-06,0.000548334,0,0,4.71E-05,0.002075706,0,0,0,0.001854925,0,0.000439753,0.000899412,6.15E-05,0.000624341,0.000195446,2.53E-05,4.52E-05,0.683578538
Dhading,0,0.149809413,0.166701878,0.116179214,0.000238048,0.00022317,0.003174962,0.000160682,0.160569172,0.30354959,0.003076767,0.093990186,0,0.001362823,0.000964093,336067,0.038,0.188,0.012,46.74,20.85,33.38,0.0768,0.263,0.1539,0.023325706,0.023548876,0.023185853,0.023355462,0.002300137,5.65E-05,0.024123166,0.023548876,0.023185853,0.023355462,0.004868077,0.012045217,0.010852003,51.43,69.25,0.461,89,3.87E-05,8.93E-06,4.46E-05,0.003064865,8.93E-06,0.000755802,2.98E-06,5.06E-05,0.000172585,0.003645106,0,0.000208292,5.95E-06,0.000693314,0.000145804,0.000181511,0.000996825,0.000312438,0.000779606,0.000437413,9.82E-05,9.52E-05,0.122260699
Dhankuta,7.34E-05,0.05414535,0.213754192,0.073293271,0.000501799,0.000483441,0.003127065,0.000336573,0.529000318,0.071126967,0.00098524,0.046710156,0.000556875,0.003273933,0.002631386,163412,0.029,0.159,0.008,31.41,31.59,27.57,0.0711,0.449,0.1827,0.02320515,0.023407094,0.023241867,0.023303062,0,0.000232541,0.022813502,0.023284704,0.023125597,0.023303062,0.007526987,0.01547622,0.008175654,48.64,76.42,0.517,88,6.12E-06,0,0,0.001009718,0,0.001009718,0,0,0.00012239,0.002123467,0,2.45E-05,6.12E-06,0.000318214,0,0.000575233,0.000348812,6.73E-05,0.000354931,4.90E-05,3.06E-05,6.12E-06,0.103700598
Dhanusa,3.31E-05,0.013621242,0.015706626,0.009863841,0.042258839,0.158142074,0.428089356,0.124253919,0.015383352,0.027510112,0.084391814,0.006058743,0.003675258,0.013944516,0.057067187,754777,0.046,0.231,0.014,58.11,27.74,41.72,0.0731,0.436,0.1188,0.026483319,0.026267361,0.025773175,0.024926568,0.012626246,0.000703519,0.023481108,0.025952036,0.025708256,0.024649665,0.01364774,0.01389152,0.014030634,23.87,75,0.431,101,2.65E-06,1.32E-06,0.000400118,0.000744591,3.97E-05,6.09E-05,1.32E-06,0,2.91E-05,0.00018681,1.32E-06,0,0,0.000416017,1.32E-06,6.23E-05,5.83E-05,1.32E-06,0.000102017,2.65E-06,1.99E-05,5.96E-05,1.265385269
Dolakha,0,0.091977251,0.343042609,0.087244113,0.000305537,0.000310897,0.001559845,0.000112566,0.109644773,0.269681652,0.000246573,0.09379439,0,0.001624168,0.000455625,186557,0.057,0.26,0.018,46.4,33.07,35.7,0.0761,0.44,0.2215,0.02110883,0.021189234,0.021055227,0.021350043,0,0.000326978,0.020803293,0.021242837,0.020631764,0.021350043,0.011047562,0.006271542,0.012516282,48.13,81.43,0.459,87,0,1.07E-05,1.61E-05,0.00293208,2.14E-05,0.000450265,0,4.82E-05,0.000214412,0.00239069,0,0,5.36E-06,0.000755801,0.000117926,0.000653956,0.000434184,0.000423463,0.000343059,0.000423463,0.000209051,0.000343059,-0.411450887
Dolpa,0,0.017166213,0.515504087,0.134114441,0,0,0.000381471,0,0.197029973,0.129482289,0.000381471,0.002370572,0,0.001716621,0.001852861,36700,0.11,0.428,0.04,55.78,44.63,44.56,0.1448,0.541,0.3516,0.023814714,0.024523161,0.022370572,0.020626703,0,0.000653951,0.020871935,0.02359673,0.022425068,0.020626703,0.01986376,0.003950954,0.01346049,17.64,69.69,0.401,99,0,0,0,0.002043597,0,0,0,0,0,0,0,0,0,0,0,0.002643052,0.000517711,0.000735695,0.000490463,0,0,0,0.094907138
Doti,5.19E-05,0.080417104,0.617848743,0.203635488,0.000420315,0.000255023,0.012141906,0,0.036184863,0.004278711,0.000547826,0.005393254,0.000406147,0.036600455,0.001818216,211746,0.135,0.489,0.052,52.32,47.02,43.57,0.094,0.576,0.3645,0.029053678,0.029001728,0.028633363,0.027754952,0,0.0010012,0.025790334,0.028836436,0.028425566,0.027617995,0.011339057,0.011627138,0.009190256,23.31,79.96,0.407,85,9.45E-06,4.72E-05,9.45E-06,0.001567916,0,0.000401424,4.72E-06,0,2.36E-05,0.000240855,0,0.000127511,9.45E-06,0.000321139,8.97E-05,0.000273913,0.000604498,7.08E-05,0.000420315,8.97E-05,3.31E-05,0.000103898,1.26908031
Gorkha,6.64E-05,0.152102294,0.1291997,0.162634979,7.38E-05,0.000206596,0.001313358,0.000431637,0.324974821,0.13738605,0.011274215,0.077672553,0.000129122,0.001663832,0.000870653,271061,0.049,0.204,0.018,41.83,34.23,33.58,0.0657,0.313,0.3716,0.019464253,0.020571015,0.020242676,0.020762854,0,0.000195528,0.019372023,0.020571015,0.020242676,0.020762854,0.00953291,0.005482161,0.011178296,44.15,70.11,0.481,81,1.11E-05,6.27E-05,4.43E-05,0.000793179,0,0.0016749,0,0,0.000136501,0.002910784,0,0,0,0.001331804,0,0.000121744,0.002006928,0.000166014,0.010488414,0.001324425,2.21E-05,0.000110676,-0.709059329
Gulmi,0.000217733,0.253130354,0.255821673,0.206871074,0,0.000124929,0.000831668,0.000328384,0.226456311,0.034908624,0.001538407,0.01769703,0,0.001424186,0.000649629,280160,0.059,0.256,0.02,34.42,27.36,27.42,0.0826,0.433,0.1142,0.023661479,0.023736436,0.023732867,0.023904198,0,0.000146345,0.023561536,0.023740006,0.023736436,0.023864934,0.002719874,0.016872501,0.011643347,67.03,77.85,0.464,76,1.43E-05,3.57E-06,7.14E-06,0.002387921,3.57E-06,0.000567533,0,1.78E-05,2.86E-05,0.001541976,0,5.71E-05,0,0.000182039,3.57E-06,0.000214163,0.003080383,0.000289121,0.002623501,0.000303398,0.000189178,0.000392633,0.223263906
Humla,0,0.064316332,0.584018247,0.156946793,0,0,0.002752763,0,0.004876322,0.183157025,0.000216288,0.000511227,0,0.001926934,0.001278068,50858,0.166,0.56,0.067,62.78,47.88,49.26,0.116,0.657,0.3005,0.028904007,0.028510755,0.02786189,0.027684927,0,0.003696567,0.024794526,0.028510755,0.02786189,0.027684927,0.019977191,0.003303315,0.013999764,25.83,48.4,0.376,103,0.000334264,0.004699359,0.001926934,0.008081324,0,0.000255614,0,3.93E-05,0,0.004640371,0,0,0,0,0.000216288,0.000373589,0.000216288,5.90E-05,0.000904479,0.000314601,0,5.90E-05,1.396972723
Ilam,9.99E-05,0.138981719,0.144631943,0.054149125,0.000275621,0.000306628,0.002776878,0.000423767,0.516964452,0.094789391,0.000778628,0.036633431,0.001257519,0.005109318,0.002821667,290254,0.012,0.073,0.003,26.54,34.05,26.96,0.0842,0.461,0.22,0.023720603,0.022700807,0.022249478,0.022352836,0,0.000223942,0.021743025,0.022700807,0.022242588,0.022352836,0.003820791,0.016647488,0.0073384,67.97,68.23,0.526,95,0.000124029,0,1.03E-05,0.000365197,0,0.000558132,0,6.89E-06,0.000141256,0.00233244,0,5.86E-05,6.89E-06,0.000175708,0,0.000358307,0.001016351,0.000103358,0.000654599,0.000158482,8.96E-05,0.00026184,-0.15107144
Jajarkot,0,0.046181058,0.566886938,0.288247793,6.42E-05,0.001004063,0.001138327,0,0.091375566,0.000863961,0,0.001838836,0,0.001611171,0.000788073,171304,0.09,0.377,0.031,53.08,47.6,44.2,0.115,0.513,0.4391,0.029053612,0.029672395,0.029257927,0.028323915,0,0.000898987,0.028388129,0.029672395,0.029257927,0.028323915,0.018470088,0.00565661,0.017325924,25.25,77.05,0.393,100,8.17E-05,7.59E-05,4.67E-05,0.001220053,1.75E-05,0.000665484,0.000221828,4.67E-05,0.000344417,0.001004063,6.42E-05,0,5.84E-06,8.76E-05,0.000286041,0.000239341,0.000869799,0.00016929,0.000274366,5.25E-05,5.25E-05,7.01E-05,1.722768401
Jhapa,0.000110749,0.237847782,0.171364056,0.055203347,0.006093644,0.008067434,0.03207654,0.006142866,0.157701347,0.047166677,0.031990402,0.032769335,0.011058881,0.010512521,0.191894419,812650,0.019,0.106,0.005,30.08,14.84,21.82,0.0876,0.242,0.0549,0.024173999,0.027101458,0.02619824,0.02642466,0.017641051,0.000267028,0.026807359,0.027112533,0.026211776,0.026428352,0.015069218,0.007476774,0.016917492,57.14,81.25,0.518,90,8.61E-06,5.05E-05,0.000216575,0.003562419,0.000169815,0.000770319,0,2.21E-05,3.94E-05,0.001902418,0,2.46E-05,0,0.001485264,3.69E-06,0.000370393,0.000878607,5.91E-05,0.000855227,2.83E-05,1.85E-05,7.75E-05,1.539599625
Jumla,0,0.109473839,0.687626812,0.169636709,0,0,0.0098879,0,0.005912542,0.011825084,0.001019087,0.001854555,0,0.001661755,0.001101716,108921,0.131,0.49,0.049,55.57,37.03,42.09,0.1103,0.541,0.1996,0.029149567,0.029112843,0.028213109,0.028947586,0,0.001230249,0.025394552,0.028846595,0.028167204,0.028828233,0.015543375,0.015497471,0.012614647,37.21,87.95,0.409,102,0,0,0,0.001496497,0,0.000413143,0,0,9.18E-06,0.000183619,0,0,0,9.18E-06,9.18E-06,0.000100991,0.000174438,0,2.75E-05,0,1.84E-05,0,1.644756328
Kailali,0.000109577,0.124091637,0.256349997,0.119112966,0.00168491,0.000840521,0.009213507,0.000648439,0.040573205,0.006628774,0.006352898,0.003944778,0.000876617,0.013713906,0.415858266,775709,0.084,0.336,0.03,41.14,18.75,29.49,0.09,0.314,0.061,0.020744893,0.020091297,0.019909528,0.019641386,0.014963085,0.000197239,0.01936422,0.020095165,0.019909528,0.019641386,0.008815161,0.008017182,0.00755309,39.2,88.63,0.46,95,0.000132782,3.74E-05,0.000149541,0.001840897,1.55E-05,0.000564645,3.87E-06,7.73E-06,8.90E-05,0.001024869,0,3.09E-05,7.73E-06,0.000657463,5.54E-05,0.00036096,0.000488585,0.000269431,0.001156361,0.000505344,0.000183058,0.000193371,-0.410049229
Kalikot,0,0.171086836,0.548945585,0.260529544,0,0,0.005994976,0,0.00414756,0.006089903,0.000197155,0.00028478,0,0.001942343,0.000781318,136948,0.168,0.579,0.066,54.7,48.04,45.2,0.1338,0.541,0.4199,0.030135526,0.029836142,0.027557905,0.026864211,0,0.002533808,0.025308876,0.029412624,0.027419166,0.02636037,0.021453398,0.00139469,0.014290096,21.86,79.08,0.374,101,0,3.65E-05,8.76E-05,0.002168706,7.30E-06,0.000576861,0,1.46E-05,0.000649882,0.000847037,0,2.19E-05,0,2.19E-05,2.92E-05,5.11E-05,0.000401612,0.000153343,0.000189853,5.84E-05,0,1.46E-05,1.390641486
Kanchanpur,0.000352356,0.159635057,0.360154505,0.119049835,0.000742386,0.000374517,0.008868737,0.000104156,0.033668847,0.016764617,0.001021611,0.002555136,0.000485321,0.03850211,0.25772081,451248,0.08,0.314,0.029,36.96,17.51,26.6,0.0852,0.317,0.0332,0.022018934,0.02172198,0.021602312,0.021141368,0.01665603,0.000483105,0.020135269,0.021717548,0.021615608,0.021161313,0.00947151,0.008744637,0.007306404,33.85,82.17,0.475,92,0,6.65E-06,5.76E-05,0.001267596,6.65E-06,0.001387264,2.22E-06,1.55E-05,2.66E-05,0.001241003,0,0,6.65E-06,0.00180167,4.43E-06,5.54E-05,0.000128532,8.86E-05,0.000137397,3.10E-05,1.55E-05,2.88E-05,0.009753554
Kapilbastu,0.000480823,0.085383679,0.053140561,0.026641093,0.01561888,0.096412885,0.262856334,0.081051027,0.039546383,0.003624531,0.181586751,0.003493398,0.005588038,0.020208555,0.124367062,571936,0.089,0.355,0.032,52.9,26.76,38.26,0.0924,0.487,0.0482,0.027412158,0.025008043,0.024126825,0.023908269,0.01826603,0.000466835,0.020694623,0.025100711,0.024168788,0.023911766,0.006710541,0.025604263,0.012823113,21.78,81.01,0.432,100,0,0,8.04E-05,0.002050929,0.000110152,0.000347941,0,0,8.74E-05,0.001704736,0,0,0,0.000744839,0.000192329,8.92E-05,0.00038291,5.07E-05,0.000545516,2.62E-05,2.45E-05,2.62E-05,1.267106619
Kaski,0.000967287,0.2780625,0.168513182,0.150346069,0.000780332,0.000857553,0.010926685,0.000790493,0.282819682,0.035712399,0.008994143,0.04857569,0.001052636,0.005399331,0.006202017,492098,0.008,0.04,0.003,21.43,15.22,16.5,0.0459,0.229,0.0755,0.026340282,0.018583697,0.018858032,0.019693232,0.007230267,0.000294657,0.019467667,0.018583697,0.018858032,0.019693232,0.005726502,0.011150218,0.010164642,87.47,92.23,0.576,92,0.000483644,0.00014428,4.06E-05,0.002019923,1.42E-05,0.000607603,0,0.000130055,7.72E-05,0.000658405,0,2.84E-05,4.06E-06,0.000514125,0.000160537,0.002137786,0.009085589,0.001156274,0.005210344,0.003413954,0.000613699,0.005547675,-0.531720595
Kathmandu,0.000972343,0.235131633,0.21724304,0.02242352,0.003302871,0.001493487,0.019957116,0.001019928,0.115240449,0.120857795,0.012501147,0.219657845,0.009486653,0.007793079,0.012919094,1744240,0.015,0.076,0.005,15.96,31,22.45,0.0439,0.32,0.3,0.023586204,0.016529835,0.016611246,0.017077352,0.006097211,0.000403041,0.01680044,0.016557928,0.01660666,0.017099711,0.013342201,0.001688988,0.01002729,93.77,93.2,0.632,110,5.27E-05,0.000139316,8.03E-06,0.001457942,2.47E-05,0.000290098,2.64E-05,0.00052573,0.000151355,0.000244806,1.15E-06,2.47E-05,5.16E-05,0.001489474,9.29E-05,0.002332248,0.003066092,0.000448333,0.001809957,0.000940811,4.99E-05,0.00054981,-1.160484159
Khotang,0,0.072060762,0.232148397,0.107429524,0,0.000189034,0.003005157,0,0.464757261,0.062487882,0.000208422,0.054117065,0,0.002316879,0.001279615,206312,0.05,0.25,0.015,38.02,27.71,29.47,0.0815,0.336,0.2183,0.022480515,0.022892512,0.02196673,0.021695296,0,0.000213269,0.02098763,0.02281496,0.021394781,0.021666214,0.009640738,0.010968824,0.010004265,18.14,75.97,0.494,89,3.88E-05,4.85E-06,0,0.000882159,0,0.001546202,0,1.45E-05,0.000252045,0.00380007,0,0.000145411,0,8.24E-05,5.82E-05,7.27E-05,0.000591337,0.00022781,0.000775524,7.27E-05,1.94E-05,7.76E-05,-0.189785058
Lalitpur,0.001501713,0.130433297,0.199131869,0.024975862,0.004374834,0.0019973,0.021013304,0.001048849,0.103231567,0.149964113,0.006562252,0.332393427,0.003249084,0.005496313,0.014626217,468132,0.015,0.076,0.005,20.32,23.34,19.18,0.0403,0.162,0.3048,0.024973725,0.014124221,0.015369597,0.017480112,0.010450044,0,0.016431263,0.014124221,0.015369597,0.017480112,0.002465117,0.009990772,0.021038938,83.69,89.33,0.601,103,0,0,0,0,0,0,0,0,0,0,0,0,0,0,0,0,0,0,0,0,0,0,-0.966058845
Lamjung,7.15E-05,0.127507095,0.177434356,0.179485345,0.000256374,0.000101357,0.001639598,0.000172903,0.379349407,0.087035845,0.00561637,0.037102621,0,0.002772412,0.001454771,167724,0.039,0.168,0.013,36.38,21.94,26.98,0.057,0.322,0.1168,0.020223701,0.021201498,0.020885502,0.020903389,0,0.000119244,0.020766259,0.021201498,0.020885502,0.020903389,0.009593141,0.007285779,0.012902149,56.19,89.2,0.507,83,0,2.38E-05,5.96E-06,0.000769121,2.38E-05,0.000924137,0,2.38E-05,5.96E-05,0.001913858,0,4.17E-05,0,0.000119244,2.98E-05,0.000381579,0.002665093,0.000220601,0.001764804,0.001186473,1.19E-05,0.000125206,-0.468694554
Mahottari,2.07E-05,0.018343478,0.020727238,0.011004175,0.062736225,0.15453966,0.378216323,0.077182192,0.026728067,0.023369132,0.133606871,0.007023806,0.001416552,0.004665541,0.080420026,627580,0.035,0.162,0.011,62.96,26.59,44.75,0.0755,0.436,0.0958,0.022142197,0.021863348,0.021963734,0.021441091,0.015660155,0.000629402,0.021029988,0.022341375,0.021963734,0.021441091,0.022554893,0.002304089,0.022508684,17.11,77.69,0.388,98,0,3.19E-05,8.76E-05,0.002957392,6.37E-06,0.000239013,0,3.19E-06,0.0001211,0.000578412,0,0,2.39E-05,0.000944899,1.75E-05,0.000159342,0.000368081,9.08E-05,0.000380828,1.12E-05,3.03E-05,7.01E-05,0.69092474
Makwanpur,0.00020453,0.140918528,0.114867163,0.040817928,0.001724232,0.000692071,0.011967361,0.00066591,0.074063504,0.541178233,0.004278474,0.061989122,0.00119626,0.002378251,0.003058431,420477,0.073,0.279,0.027,38.21,23.32,28.44,0.0794,0.251,0.2155,0.020883425,0.021161681,0.020788295,0.020562361,0.01118016,0.000492298,0.019760891,0.021634953,0.020769269,0.020562361,0.009767478,0.004751746,0.008692509,48.05,72.12,0.497,97,5.71E-05,6.42E-05,1.66E-05,0.001940653,1.43E-05,0.000749149,0,1.66E-05,0.000168856,0.001831254,0,7.13E-06,2.38E-06,0.00062548,2.38E-06,0.000459003,0.000782445,0.000133182,0.000663532,0.001348469,7.85E-05,0.000411437,-0.35162589
Manang,0,0.034567146,0.039920465,0.051391863,0,0,0,0,0.573722851,0.268736617,0,0.019424901,0,0.009788926,0.002447232,6538,0.099,0.369,0.038,29.18,28.56,25.52,0.1202,0.547,0.0242,0.005965127,0.006882839,0.009177118,0.009941878,0,0.000152952,0.009483022,0.006882839,0.009177118,0.009941878,0.006882839,0.001835424,0.004894463,45.59,96.08,0.568,127,0,0,0,0.002600184,0,0,0,0,0,0.000152952,0,0.000152952,0,0.000152952,0.000458856,0,0.000611808,0,0.000152952,0,0,0.000152952,-3.741946985
Morang,0.000272434,0.130721899,0.129211598,0.039133182,0.009381895,0.071743477,0.084206056,0.052200711,0.136201664,0.038266157,0.047391156,0.031745341,0.01396563,0.02745683,0.188101971,965370,0.033,0.165,0.01,35.09,17.29,25.32,0.07,0.315,0.0308,0.025416162,0.022953893,0.022893813,0.023203539,0.016810135,5.59E-05,0.02161451,0.022953893,0.022893813,0.023203539,0.004796089,0.014021567,0.006393404,46.49,85.76,0.513,94,0.000210282,2.18E-05,7.98E-05,0.000993401,9.22E-05,0.000731326,0,0.000138807,9.94E-05,0.001248226,0,3.73E-05,2.07E-06,0.000879456,4.14E-06,0.0011695,0.001655324,0.001598351,0.002236448,0.001548629,0.001408786,0.000117054,0.389973397
Mugu,0,0.052219368,0.654795066,0.136182759,0,0,0.002532287,0.00032558,0.001483196,0.08825019,0,0.002622725,0,0.060557827,0.001031002,55286,0.125,0.471,0.047,60.75,37.44,45.22,0.0941,0.502,0.2468,0.025015375,0.024635532,0.020800926,0.020493434,0,0.008266107,0.019408168,0.02383967,0.019589046,0.019371993,0.012950837,0.001935391,0.008067142,24.38,81.26,0.397,103,0,0,0,0.000922476,0,5.43E-05,0,0,0.000180878,0.00016279,0,0,0,0,0,1.81E-05,0,0,0.000108527,9.04E-05,0,1.81E-05,-0.256355136
Mustang,0,0.036723164,0.081400535,0.130240856,0,0,0,0,0.510110021,0.214391912,0,0.009812667,0,0.012488849,0.004831995,13452,0.109,0.4,0.042,38.65,31.51,31.16,0.1202,0.547,0.0832,0.016205769,0.018064228,0.017246506,0.018287244,0,7.43E-05,0.019104966,0.018064228,0.017246506,0.018287244,0.005575379,0.006690455,0.011745465,0,0,0.508,112,0,0,0,0.005203687,7.43E-05,0.00185846,0,7.43E-05,0,0.003270889,0,0,0,0,0,0.000371692,0.001040737,0.000148677,0.000594707,0.00044603,0.00044603,0,-1.325649638
Myagdi,0,0.080446318,0.194533663,0.245140398,0.000105596,0.000175993,0.002023917,0,0.449740851,0.002807085,0.001583935,0.013762638,0,0.002983078,0.006696527,113641,0.073,0.286,0.027,34.84,30.03,28.54,0.0727,0.475,0.1256,0.021462324,0.023644635,0.023424644,0.02377663,0,0.000131995,0.022412686,0.023671034,0.023424644,0.02377663,0.009046031,0.011316338,0.009688405,0,0,0.49,83,1.76E-05,2.64E-05,4.40E-05,0.000369585,0,0.001654333,0,0.000149594,7.04E-05,0.003590254,0,6.16E-05,8.80E-06,0.000624775,3.52E-05,0.000272789,0.001531138,0.000114395,0.000668773,0.000175993,8.80E-05,0.000175993,0.066357419
Nawalparasi,0.000116549,0.174914686,0.081795409,0.067273445,0.003372141,0.062078482,0.102668498,0.039917142,0.207147386,0.03776643,0.037555089,0.019454304,0.000689968,0.013180877,0.152069594,643508,0.038,0.17,0.013,36.25,26.01,27.99,0.0809,0.389,0.1311,0.020683504,0.021525762,0.021124835,0.021064229,0.016846721,0.000133642,0.021469819,0.021525762,0.021280233,0.021064229,0.010030955,0.007087713,0.01187864,47.57,83.95,0.493,89,6.22E-06,1.40E-05,0.00013675,7.61E-05,7.77E-06,0.000323228,0,1.40E-05,2.33E-05,0.001042722,3.11E-06,2.18E-05,3.11E-06,0.001754446,3.11E-06,8.24E-05,0.000419575,0.000111887,0.000212896,9.01E-05,1.55E-05,7.15E-05,0.064660633
Nuwakot,0,0.189439617,0.135347478,0.067217835,0.000115327,5.05E-05,0.002778669,0.000151367,0.076476461,0.446399804,0.001290225,0.074440212,6.49E-05,0.005643833,0.000583845,277471,0.042,0.203,0.013,49.41,24.71,35.66,0.0677,0.371,0.1232,0.018780341,0.020272389,0.020095794,0.020153457,0,0.000472121,0.017623463,0.020239953,0.020088586,0.020160665,0.006497976,0.008617117,0.006566452,31.15,77.92,0.466,92,1.80E-05,0.000212635,5.77E-05,0.00107759,2.16E-05,0.000436082,1.08E-05,3.60E-05,0.000324358,0.00137672,3.60E-06,1.80E-05,2.16E-05,0.000227051,0.000518973,0.000504557,0.00035319,0.000133347,0.000472121,0.000129743,3.24E-05,5.05E-05,-0.958400383
Okhaldhunga,0,0.106038491,0.235816034,0.103321981,0,0.000236512,0.007683263,0.003378744,0.335448427,0.134724024,0.000175695,0.065439507,0.00013515,0.002817872,0.004784301,147984,0.041,0.205,0.012,43.86,37,35.6,0.0717,0.567,0.1729,0.020921181,0.020225159,0.019975132,0.019461563,0,0.000554114,0.018589848,0.020285977,0.020015677,0.017697859,0.006548005,0.007953563,0.008771219,52.2,82.4,0.468,87,6.76E-06,0,8.11E-05,0.00018921,0.000155422,0.000952806,0,6.76E-06,0.00016218,0.004074765,1.35E-05,6.76E-05,6.76E-06,0.000979836,4.73E-05,0.000310844,0.00376392,6.76E-06,0.006007406,0.003074657,6.76E-06,0.002588118,-0.917900415
Palpa,0.000191439,0.174622865,0.095095337,0.120173826,8.42E-05,0.000229727,0.001520025,4.59E-05,0.532781989,0.030289456,0.004709396,0.034577686,4.21E-05,0.003587564,0.002048396,261180,0.052,0.216,0.018,29.18,28.42,25.23,0.0725,0.359,0.2093,0.024393139,0.021027644,0.020797917,0.02103913,0.011061337,0.000202925,0.02010108,0.021027644,0.020797917,0.02103913,0.002082855,0.016314419,0.001960334,0,0,0.5,80,0.001160119,0.000612604,0.000134007,0.000685351,2.30E-05,0.001056742,0,0.000222069,0.000202925,0.001397504,0,4.21E-05,0.000149322,0.004747684,7.66E-06,0.001699977,0.018523624,0.001435791,0.008143809,0.004621334,0.001929704,0.001462593,-0.327907404
Panchthar,0,0.107362747,0.103729075,0.060807958,0.000161612,0.000265878,0.001970628,0.000166826,0.620753114,0.084080139,0.000286732,0.014300088,0.000344078,0.004097656,0.00167347,191817,0.019,0.114,0.005,33.09,42.63,33.66,0.0916,0.569,0.2835,0.024575507,0.024679773,0.024653706,0.024512947,0,0.000390998,0.023736165,0.024638066,0.024601573,0.024450388,0.010108593,0.014774499,0.010410965,62.9,68.12,0.498,89,5.21E-06,0,1.04E-05,0.00055261,0,0.000589103,0,4.17E-05,5.21E-05,0.002564945,5.21E-06,0,0,0.000125119,5.73E-05,0.000224172,0.000140759,1.04E-05,0.000151186,6.78E-05,5.21E-06,3.13E-05,0.51232072
Parbat,0,0.357254929,0.212258681,0.234490757,0,0.000109148,0.000948223,0,0.155085613,0.008677263,0.004236305,0.023828365,0,0.001548537,0.00156218,146590,0.025,0.127,0.008,32.43,21.84,24.62,0.0611,0.262,0.1747,0.019810355,0.021474862,0.021365714,0.021631762,0,0.000211474,0.021495327,0.021474862,0.021290675,0.021631762,0.003451804,0.013507061,0.008561293,75.35,88.03,0.51,80,0,3.41E-05,7.50E-05,0.000225118,6.82E-06,0.000880005,0,6.82E-06,0.0001569,0.001957842,0,8.19E-05,0,0.000497988,3.41E-05,0.000347909,0.002019237,6.82E-05,0.000341087,6.82E-05,7.50E-05,6.14E-05,-0.495980688
Parsa,0.000134772,0.026350336,0.038280115,0.005710321,0.026327042,0.120806899,0.380964266,0.076162571,0.015894725,0.025247206,0.145107376,0.016508684,0.011873208,0.012911448,0.09772103,601017,0.071,0.292,0.025,51.31,20.91,36.37,0.053,0.372,0.0462,0.019225746,0,0,0.019430399,0.013856513,0,0.017746586,0,0,0.019393794,0,0.010329159,0.004459108,25.49,80.17,0.464,108,0,0,0,0,0,0,0,0,0,0,0,0,0,0,0,0,0,0,0,0,0,0,-3.084661642
Pyuthan,7.89E-05,0.098587474,0.294030741,0.215986708,0.000214816,0,0.00019728,0.000254272,0.347099105,0.017281742,0.002691778,0.016812654,7.89E-05,0.001012705,0.005672901,228102,0.079,0.322,0.028,41.99,34.64,33.93,0.1161,0.484,0.2087,0.029613945,0.02912732,0.028978264,0.028631928,0,5.26E-05,0.028890584,0.02912732,0.028978264,0.028631928,0.0098114,0.012867051,0.011306345,21.03,88.77,0.413,78,4.38E-05,0,1.75E-05,0.000938177,4.38E-06,0.000293728,0,4.38E-06,1.32E-05,0.001955266,0,0,0,0.001183681,0,0.000236736,0.001999106,2.19E-05,0.000179744,0.00026304,4.38E-06,0,1.488288214
Ramechhap,0,0.048458889,0.277029894,0.087008873,0.000281279,0.000207258,0.001993624,8.39E-05,0.149625455,0.286233136,0.000162846,0.144967085,5.92E-05,0.003158217,0.000730338,202646,0.056,0.256,0.018,47.9,32.4,36.35,0.0592,0.444,0.2039,0.018312723,0.018579197,0.018885149,0.019334208,0,0.000138172,0.018564393,0.018574263,0.018737108,0.01922071,0.010190184,0.00353819,0.011389319,31.27,79.05,0.468,85,1.97E-05,2.47E-05,4.93E-06,0.000473733,0,0.000488537,7.40E-05,0,0.000340495,0.004362287,0,0,3.45E-05,0.000207258,0.000128303,0.000217127,0.00121394,8.39E-05,0.001115245,0.000148041,0.000217127,0.000296083,-1.07457248
Rasuwa,0,0.150692841,0.02630485,0.030669746,0.000692841,0,0.001639723,0,0.04743649,0.713441109,0,0.023371824,0,0.0047806,0.000969977,43300,0.072,0.316,0.024,58.68,28.57,42.24,0.087,0.45,0.1213,0.023256351,0.024618938,0.023995381,0.024387991,0,0.000161663,0.023048499,0.024618938,0.023995381,0.024387991,0.003879908,0.007736721,0.014133949,41.89,89.44,0.461,98,0,0,4.62E-05,0.002632794,0,0.001639723,0,0,2.31E-05,0.001385681,0,2.31E-05,0,6.93E-05,0,0.00039261,0.000438799,2.31E-05,4.62E-05,4.62E-05,0,0,0.13557652
Rautahat,0.000643637,0.026295939,0.019183891,0.005380634,0.02360635,0.124191449,0.415593209,0.086851739,0.013366399,0.029056882,0.197341865,0.003727855,0.002079444,0.004600115,0.048080592,686722,0.083,0.334,0.029,66.11,22.29,46.43,0.0727,0.397,0.0487,0.026496894,0.025998876,0.025200882,0.024322797,0.013548423,0.000790713,0.021775915,0.02615032,0.024880519,0.023868465,0.023009311,0.010673897,0.014668235,17.58,73.8,0.386,105,7.43E-05,1.89E-05,0.000141251,0.0015989,5.82E-06,0.000141251,1.46E-06,2.48E-05,3.79E-05,0.000559178,0,1.89E-05,1.46E-05,0.00040919,7.28E-06,0.000119408,0.000132514,2.48E-05,0.000215517,0.000119408,1.16E-05,1.75E-05,1.357200541
Rolpa,0,0.01173688,0.37031527,0.16664588,6.68E-05,0.000111356,0.000293979,0,0.438705424,0.000935387,0.000962112,0.002476549,0,0.006213642,0.001536707,224506,0.056,0.26,0.018,49.26,37.16,38.57,0.108,0.513,0.2303,0.026547175,0.025932492,0.025687509,0.02562515,0,0.000391972,0.025438073,0.025460344,0.025348988,0.025170819,0.006961952,0.009866106,0.010275895,20.41,76.2,0.395,85,0,0.000146989,7.57E-05,0.00238301,4.45E-06,0.000574595,3.12E-05,2.67E-05,0.000160352,0.001888591,2.67E-05,1.34E-05,0.000293979,0.000534507,4.45E-05,0.000293979,0.000797306,4.45E-05,0.000209349,3.56E-05,2.23E-05,5.79E-05,0.545527588
Rukum,0,0.03313084,0.503560007,0.211922308,9.59E-05,0.000139044,0.000805497,0,0.24363394,0.000781523,0.000604122,0.002824033,0,0.001980179,0.000522614,208567,0.058,0.263,0.019,49.19,38.85,39.02,0.0814,0.513,0.2641,0.025718354,0.02532999,0.025277249,0.024553261,0,0.000997281,0.023340222,0.02532999,0.024797787,0.024553261,0.014211261,0.007057684,0.01249958,20.32,79.05,0.431,91,0,5.27E-05,4.79E-05,0.002138402,0,0.000781523,0,2.40E-05,0,0.000896594,0,0.000239731,0,0.000613712,0,0.000278088,0.001073995,7.67E-05,0.000887005,0.000225347,0.000292472,0.000273293,0.572682006
Rupandehi,0.000653264,0.159338375,0.082774746,0.048173361,0.00881849,0.073141664,0.170424542,0.101337657,0.131747929,0.00860831,0.082331662,0.021356607,0.004435376,0.009753509,0.097104509,880196,0.041,0.173,0.014,35.61,20.1,26.15,0.073,0.377,0.025,0.028477748,0.02434685,0.024092361,0.024416153,0.021331613,0,0.023992384,0.02434685,0.024092361,0.024416153,0,0.021864448,0.015094365,48.74,91.81,0.498,96,0,0,0,0,0,0,0,0,0,0,0,0,0,0,0,0,0,0,0,0,0,0,1.218124511
Salyan,0,0.026076125,0.640519048,0.169800036,4.54E-05,0,0.000379469,0,0.152340334,0.001497253,0.00110541,0.005733283,0,0.001814852,0.000688819,242444,0.063,0.288,0.021,44.5,48.14,40.57,0.0823,0.541,0.4219,0.023568329,0.022990876,0.022990876,0.02294963,0,0.000107241,0.022599033,0.022990876,0.022990876,0.02294963,0.008311198,0.009779578,0.010175546,16.37,57.34,0.441,92,0,1.65E-05,1.24E-05,0.002099454,4.12E-06,0.000676445,0,4.12E-06,0.0003011,0.000820808,0,4.12E-06,4.12E-06,0.000284602,0,0.000243355,0.001814852,0.000107241,0.000552705,0.000111366,1.24E-05,0.000210358,-0.029086367
Sankhuwasabha,0,0.053413715,0.190768669,0.082410452,0.001442592,0.000163788,0.001329201,0.000258281,0.476912222,0.141040178,0.000258281,0.047479558,0.000522861,0.002941881,0.001058321,158742,0.041,0.21,0.012,36.84,39.91,33.64,0.0843,0.474,0.3241,0.021160121,0.021475098,0.021166421,0.020819947,0,0.000308677,0.020593164,0.02118532,0.020901841,0.020599463,0.001562283,0.017588288,0.002866286,53.39,80.27,0.488,90,1.26E-05,1.26E-05,1.26E-05,0.000510262,0,0.00148039,6.30E-06,1.26E-05,0.000302377,0.004031699,0,6.93E-05,1.26E-05,0.000371672,1.89E-05,0.000371672,0.000352774,0.000157488,0.000491363,0.000125991,0.000119691,0.000113392,-0.656738502
Saptari,0.000259666,0.013048974,0.015606522,0.010217681,0.022752016,0.22983056,0.347784396,0.037410603,0.011639584,0.009776563,0.089389067,0.004195319,0.004519118,0.021957377,0.181612554,639284,0.1,0.395,0.036,54.56,18.69,38.34,0.0539,0.334,0.0397,0.024267775,0.023319839,0.023154029,0.023032017,0.015012107,0.000628829,0.02153503,0.022905313,0.022623748,0.022608105,0.013956239,0.013203834,0.011179695,19.01,72.31,0.437,96,0,0,4.22E-05,0.00152358,3.13E-06,1.56E-06,3.13E-06,0,0,0.000705477,0,4.69E-06,4.69E-06,0.000156425,3.13E-05,5.01E-05,0.000201788,9.39E-06,0.000289386,9.39E-06,6.26E-06,1.56E-05,0.679116419
Sarlahi,3.38E-05,0.035774929,0.04252016,0.0140504,0.030556209,0.126584811,0.435826115,0.076148878,0.025349181,0.072073418,0.078929078,0.009551414,0.003955938,0.003614259,0.045031433,769729,0.036,0.177,0.011,62,24.36,43.86,0.0704,0.377,0.1101,0.027214773,0.026227413,0.02462555,0.023774601,0.012842182,0.001071806,0.022044122,0.026222216,0.024626849,0.023814875,0.01696701,0.012551171,0.019178178,17.47,81.25,0.402,103,3.90E-06,7.67E-05,0.000102634,0.001032831,1.82E-05,0.000226054,0,0,0.000149403,0.000691152,0,0.000115625,1.43E-05,0.000797683,0.000144207,0.000491082,0.000300106,0.000544347,0.000522262,0.000202669,0.000111728,0.000198771,1.350846652
Sindhuli,0,0.0779123,0.147944576,0.112497974,0.002123623,0.00684691,0.008717318,0.000229581,0.176797483,0.400966265,0.000604338,0.062803857,0,0.001242437,0.001313337,296192,0.099,0.383,0.036,48.92,35.91,37.95,0.0856,0.363,0.3552,0.022124163,0.021631239,0.021013397,0.02009845,0,0.000874433,0.018974179,0.021590725,0.020949249,0.020051183,0.010651874,0.005962349,0.008889504,21.01,61.77,0.44,92,5.06E-05,0.000121543,4.73E-05,0.00054019,8.10E-05,0.000151928,0,1.01E-05,0.001046618,0.001499028,0,2.70E-05,3.04E-05,0.000698871,5.74E-05,0.000165433,0.000226205,1.01E-05,4.39E-05,4.05E-05,2.36E-05,3.38E-06,-0.583610224
Sindhupalchok,0.000799172,0.103284248,0.220717309,0.07338133,0.00014941,6.25E-05,0.001761652,0.000145936,0.064378488,0.421656857,0.000132037,0.111109181,0,0.001587919,0.000833918,287798,0.054,0.254,0.017,50.49,32.93,38.03,0.0841,0.466,0.1926,0.018123823,0.020528287,0.020663799,0.020517863,0,0.000271023,0.01968742,0.020542186,0.020674223,0.020510914,0.004398919,0.007984767,0.006205742,33.85,80.93,0.455,93,1.39E-05,0,0,0.001462832,0,0.001129264,0,5.91E-05,0.000653236,0.002533027,0,2.08E-05,3.47E-06,0.000138986,6.25E-05,0.000427383,0.000997227,0.000472554,0.00035789,7.30E-05,2.08E-05,3.13E-05,-0.943098785
Siraha,3.14E-05,0.009420581,0.013266324,0.009630834,0.011204592,0.210340672,0.464627319,0.054874413,0.015696784,0.033497665,0.074867258,0.005341049,0.004125035,0.012193094,0.080882999,637328,0.08,0.346,0.027,60.04,24.99,42.62,0.0637,0.397,0.1027,0.026521665,0.02621727,0.025941117,0.025242889,0.018105277,0.000428351,0.024177504,0.02621727,0.025658688,0.02524132,0.010796638,0.017151294,0.009309178,18.47,72.03,0.408,95,4.08E-05,0,8.32E-05,0.000484837,4.71E-06,3.14E-06,0,1.57E-06,1.26E-05,0.00076099,0,1.57E-06,3.77E-05,0.000353036,0,0.000147491,0.00014906,5.33E-05,0.000262031,4.71E-05,2.67E-05,5.33E-05,1.346536624
Solukhumbu,0,0.046200631,0.158028446,0.077319003,0.000368321,0.000226659,0.006185898,0,0.54342406,0.138837996,0.000122774,0.024488601,0.000151106,0.002984342,0.001662165,105886,0.057,0.257,0.019,42.49,29.39,32.48,0.0874,0.476,0.1118,0.020550403,0.019719321,0.019596547,0.019653212,0,0.000377765,0.020200971,0.019539883,0.019492662,0.019577659,0.01109684,0.011937367,0.014062293,39.64,77,0.502,94,0.000245547,0,0,0.000132218,0,0.001095518,0,3.78E-05,0,0.00316378,0,0,0,0.000254991,0,0.000349432,0.000358877,0.000103885,0.000793306,0.00348488,2.83E-05,0.000207771,-0.498868338
Sunsari,0.000141456,0.079912297,0.099948002,0.036060863,0.008461179,0.078015736,0.14639411,0.016701005,0.147538858,0.036211488,0.115487232,0.038036011,0.009921583,0.011438309,0.175731872,763487,0.022,0.12,0.006,37.12,16.49,26.52,0.071,0.294,0.0358,0.024026604,0.022887096,0.022424743,0.022217798,0.016056593,0.000170271,0.021057333,0.022887096,0.022424743,0.022217798,0.00982073,0.013884978,0.009414699,51.33,77.51,0.496,95,0,1.31E-06,4.19E-05,0.000272434,3.93E-06,0.000204326,0,0,1.57E-05,0.001231193,0,2.62E-06,0,0.000264576,1.31E-05,7.86E-06,2.10E-05,0,2.75E-05,1.57E-05,0,3.93E-06,0.454507841
Surkhet,3.99E-05,0.115278047,0.380622798,0.258041527,0.000242301,0.000139679,0.001718909,3.14E-05,0.203629377,0.007460006,0.005202335,0.005436084,0.000136829,0.002317533,0.01970331,350804,0.075,0.305,0.026,33,47.58,36.36,0.0839,0.579,0.3726,0.025364591,0.024421044,0.024221503,0.023964949,0.015883513,0.000219496,0.022801906,0.024421044,0.024221503,0.023964949,0.007964561,0.010587108,0.01092918,36.53,77.48,0.476,93,5.70E-06,0,1.14E-05,0.004156167,0,0.000934995,0,2.57E-05,7.98E-05,0.001704656,5.70E-06,0,0,0.001080375,5.70E-06,7.70E-05,0.000305014,8.84E-05,0.000444693,0.000248002,5.70E-06,5.42E-05,0.722667586
Syangja,4.50E-05,0.308807254,0.145541384,0.158669609,0.000491098,8.30E-05,0.001407584,0,0.330014387,0.010600108,0.006868455,0.033322036,4.84E-05,0.002856669,0.001245037,289148,0.024,0.118,0.007,29.63,28.15,25.31,0.0685,0.391,0.172,0.020567322,0.023828628,0.023856295,0.023818252,0,0.000162547,0.02311619,0.023814794,0.025277712,0.023852837,0.001611631,0.014183048,0.011872813,68.4,78.51,0.527,77,1.38E-05,4.15E-05,3.11E-05,0.001307289,0,0.000940695,0,0.000114128,0.000349302,0.002770208,0,7.95E-05,1.38E-05,0.000857692,0,0.000338927,0.001891765,0.000518765,0.001030614,0.000307801,0.000107212,0.000131421,0.071623657
Tanahu,3.71E-05,0.118723862,0.1462968,0.161465937,0.000238178,0.000300042,0.003455124,0.00035572,0.42843842,0.046039445,0.012901809,0.076786024,0.000241271,0.003229319,0.001490931,323288,0.033,0.148,0.011,31.68,36.03,29.75,0.0727,0.473,0.2476,0.019549133,0.021157606,0.020981292,0.021012224,0,8.35E-05,0.019771844,0.021166885,0.020981292,0.021012224,0.009997278,0.004367623,0.011327361,56.63,82.44,0.506,80,1.24E-05,2.47E-05,1.55E-05,0.001082626,1.55E-05,0.000751652,0,3.09E-06,8.35E-05,0.001317711,0,4.95E-05,1.55E-05,0.000773304,7.11E-05,0.000300042,0.000460889,0.00017322,0.000637203,5.57E-05,4.02E-05,5.57E-05,-0.623303083
Taplejung,0,0.077796346,0.127693961,0.071166867,0,0.000156911,0.001357278,0.000125529,0.621327308,0.078769192,0,0.015918595,0,0.004244436,0.001443579,127461,0.055,0.27,0.017,34.28,23.98,26.42,0.1078,0.385,0.0946,0.026698363,0.026674826,0.025937346,0.025427386,0,0.00014122,0.026149175,0.026674826,0.025937346,0.025427386,0.013619852,0.00817505,0.016491319,53.82,71.31,0.494,90,0.000305976,0,7.85E-06,0.001443579,6.28E-05,0.001710327,0,0.00043935,0.000251057,0.003632484,0,7.06E-05,0,0.000219675,1.57E-05,0.001074839,0.001545571,0.000564879,0.000258903,0.000125529,3.92E-05,2.35E-05,0.960087688
Terhathum,0,0.133219134,0.206572354,0.092944269,0.000354411,0,0.001073078,0.000226429,0.463018203,0.0698288,0.000305187,0.028923871,0,0.0025301,0.001004164,101577,0.025,0.146,0.007,30.64,42.85,33.01,0.0799,0.634,0.2229,0.020447542,0.021609223,0.021697825,0.021540309,0,9.84E-05,0.020171889,0.021678136,0.021550154,0.021599378,0.009706922,0.007737972,0.012542209,58.13,90.79,0.527,87,9.84E-06,1.97E-05,9.84E-06,0.001427489,0.000177205,0.003583488,9.84E-06,4.92E-05,0.00018705,0.00292389,0,0,0,0.000295342,7.88E-05,0.00020674,0.000521772,0.000108292,0.000502082,9.84E-05,9.84E-06,7.88E-05,-0.36938327
Udayapur,0,0.059902624,0.228153383,0.106584533,0.001209327,0.013315193,0.020473527,0.000784173,0.328370054,0.11873449,0.006824509,0.034443773,0.000462945,0.002012396,0.078729073,317532,0.058,0.259,0.019,39.3,26.03,29.74,0.0815,0.3,0.2207,0.024636887,0.023843266,0.023380321,0.023008705,0.018388698,0.000758979,0.02223398,0.023843266,0.023380321,0.023008705,0.010569014,0.011809833,0.009252611,25.7,64.18,0.475,89,6.30E-06,6.93E-05,0.00013227,0.002462744,0,0.00093219,0,9.45E-06,6.61E-05,0.002667448,0,3.15E-06,6.30E-06,0.000686545,7.24E-05,0.000418855,0.000513334,0.000129121,0.000503886,8.50E-05,0,6.30E-06,0.698589063
Darchula,0.000750334,0.167084353,0.706424359,0.067792668,0,0,0.01287573,0,0.002281015,0.008996503,0.000232604,0.00038267,0,0.032767081,0.000412684,133274,0,0,0,0,0,0,0,0,0,0,0,0,0,0,0,0,0,0,0,0,0,0,0,0,0,0,0,0,0,0,0,0,0,0,0,0,0,0,0,0,0,0,0,0,0,0,0,0,-4.235896871
Darchula,0.000750334,0.167084353,0.706424359,0.067792668,0,0,0.01287573,0,0.002281015,0.008996503,0.000232604,0.00038267,0,0.032767081,0.000412684,133274,0,0,0,0,0,0,0,0,0,0,0,0,0,0,0,0,0,0,0,0,0,0,0,0,0,0,0,0,0,0,0,0,0,0,0,0,0,0,0,0,0,0,0,0,0,0,0,0,-4.235896871
Kavrepalanchok,3.93E-05,0.215339179,0.154012311,0.057781781,0.000282769,0.000212077,0.002526595,9.95E-05,0.054021998,0.376357881,0.000832598,0.132665859,0.000138766,0.004440523,0.001248897,381937,0,0,0,0,0,0,0,0,0,0,0,0,0,0,0,0,0,0,0,0,0,0,0,0,0,0,0,0,0,0,0,0,0,0,0,0,0,0,0,0,0,0,0,0,0,0,0,0,-4.235896871
Kavrepalanchok,3.93E-05,0.215339179,0.154012311,0.057781781,0.000282769,0.000212077,0.002526595,9.95E-05,0.054021998,0.376357881,0.000832598,0.132665859,0.000138766,0.004440523,0.001248897,381937,0,0,0,0,0,0,0,0,0,0,0,0,0,0,0,0,0,0,0,0,0,0,0,0,0,0,0,0,0,0,0,0,0,0,0,0,0,0,0,0,0,0,0,0,0,0,0,0,-4.235896871