,Foreigner,Hill Brahman,Hill Chhetree,Hill Dalit,Madhesi Brahman/Chhetree,Madhesi Dalit,Madhesi Other - OC A,Madhesi Other - OC B,Mtn/Hill Janajati A,Mtn/Hill Janajati B,Musalman,Newar,Other (MPB),Other undefined,Tarai Janajati,Total Pop Census,Poverty Gap,Poverty Incidence,Poverty Severity,Adult illiteracy rate,Deprivation in economic provisioning,HPI,People not expected to survive age 40,Children <5 years malnourished,Without safe water,BCG3,DPT-HepB 1 3,DPT-HepB 2 3,DPT-HepB 3 3,Japenese Encephalitis 3,Measles 12-23 3,Measles 9-11 months 3,Polio13,Polio23,Polio33,TT 1 3,TT 2+ 3,TT23,Sanitation Coverage (%,Water Coverage Supply (%),HDI ,Sex Ratio (male per 100 female),Confirmed Meningitis 3,HIV/AIDS3,Leprosy3,STD/STI3,Acute Flacid Paralysis,Chicken pox,Diptheria,Hepatatis-B,Measles,Mumps,Neonatal Tetanus,Rubella,Tetanus,Tuberculosis,Whooping cough,Alcoholism,Anxiety (Neurosis,"Conversive disorder
(Hysteria)",Depression,Epilesy,Mental retardation,Psychosis
Achham,0.0,0.102036298388,0.58174904943,0.135157703407,0.00010097989335,0.0,0.00492082787977,0.0,0.00692100653651,0.00263712875325,0.000998147407341,0.000493247940593,0.00174384508131,0.162239734034,0.00100203124939,257477.0,0.127,0.472,0.047,54.92,51.76,46.68,0.095,0.592,0.4431,7676.0,0.0296686694346,0.0295793410674,0.0294434065955,0.0,0.000477712572385,0.0294434065955,0.0296686694346,0.0295793410674,0.0294434065955,0.00662195069851,0.0169879251351,0.00741037063505,7.41037063505e-05,0.000341816938989,1.46809229562e-06,0.000337894258516,1.55353682076e-05,0.0033595233749,5.43737887268e-05,0.00274976017275,2.33030523115e-05,0.0012195264043,0.0,3.10707364153e-05,4.2722262571e-05,0.000726278463707,3.88384205191e-06,0.0,0.0,0.000240798207219,6.21414728306e-05,3.49545784672e-05,0.00120787487814,0.000151469840025,0.00147974382178,0.000419454941606,1.94192102596e-05,0.000139818313869
Arghakhanchi,0.0,0.327664548251,0.193248056995,0.209019794365,0.00160399125648,6.57788212435e-05,0.00105752104922,0.0,0.193349255181,0.0347261577073,0.00897121923575,0.0279711787565,0.0,0.00113847959845,0.00118401878238,197632.0,0.069,0.288,0.024,34.43,27.24,27.37,0.0771,0.31,0.2348,4649.0,0.0247429566062,0.0232806428109,0.0237765139249,0.0,9.10783678756e-05,0.0233565414508,0.0248745142487,0.0233767810881,0.0237967535622,0.00609719073834,0.0111621599741,0.0114809342617,0.000233767810881,0.000419820676813,2.43887629534e-06,0.000389613018135,5.05990932642e-06,0.0,2.02396373057e-05,0.00333448024611,0.0,0.000612249028497,0.0,1.51797279793e-05,2.02396373057e-05,0.00262609294041,0.0,1.51797279793e-05,0.0,0.000237815738342,0.0,0.00028335492228,0.00193288536269,0.000161917098446,0.00135099579016,0.000101198186528,3.5419365285e-05,0.000333954015544
Baglung,4.46739361088e-05,0.1953851824,0.205600622457,0.263230000037,0.00116524516684,0.0,0.000926984174258,0.0,0.308175702591,0.0095639451553,0.00276233838273,0.0107217446661,0.0,0.00178695744435,0.000636603589551,268613.0,0.053,0.229,0.018,34.46,27.01,27.33,0.0852,0.429,0.1112,6612.0,0.0246041703119,0.0237181372458,0.0243621864913,0.0,0.0,0.0236101752335,0.0246041703119,0.0237181372458,0.0243621864913,0.0137484038375,0.00384568133337,0.0147275076039,0.000220838157498,0.000338293381184,1.77951178833e-06,0.000290380584707,3.72282800907e-06,2.60597960635e-05,1.11684840272e-05,0.00170877805616,0.0,0.000323886036789,0.0,1.86141400453e-05,3.72282800907e-06,0.00180929441241,1.11684840272e-05,0.000163804432399,1.48913120363e-05,0.000148913120363,0.0,0.000379728456925,0.00221135983739,0.000167527260408,0.00112429405874,0.00032016320878,0.000376005628916,0.000483967641179
Baitadi,5.18138845268e-05,0.185497692289,0.603898795526,0.0831533132986,0.00161021610376,0.000127541869604,0.0524994220759,0.0,0.00387009860581,0.000617780930896,8.36993519279e-05,0.000482267694442,0.000135513236455,0.066975424276,0.000996420856284,250898.0,0.123,0.457,0.046,45.15,45.38,39.58,0.0814,0.592,0.3157,6452.0,0.0256319301071,0.0255601878054,0.0255761305391,0.0,0.00157833063635,0.0240456281039,0.0244481821298,0.0252772042822,0.0255761305391,0.0074213425376,0.0129454997648,0.00698291736084,0.000101993638849,0.000357356375898,1.65804430486e-06,0.000350740141412,2.39141005508e-05,0.0,3.18854674011e-05,0.00206458401422,7.97136685027e-06,0.000538067262393,3.98568342514e-06,3.98568342514e-06,0.00058988114692,0.0007293800668,0.0,0.00013152755303,2.39141005508e-05,0.000561981362944,3.98568342514e-06,0.000203269854682,0.000526110212118,5.97852513771e-05,0.000514153161843,1.99284171257e-05,0.000175370070706,0.000103627769054
Bajhang,7.68604061304e-05,0.101952766718,0.726489682771,0.113102649634,0.00049703062631,0.000102480541507,0.000276697462069,0.0,0.00205473485722,0.0013937353645,0.0,0.000912076819414,0.000261325380843,0.0521984638167,0.000681495601023,195159.0,0.162,0.568,0.063,54.97,48.05,45.32,0.1281,0.632,0.3291,5322.0,0.0269113901998,0.0267166771709,0.0265527083045,0.0,0.000440666328481,0.0260351815699,0.0266193206565,0.0262247705717,0.0262606387612,0.0192868379117,0.00626668511316,0.0150185233579,7.18900998673e-05,0.000298372096598,1.87026988251e-06,0.000466286463858,6.66123519797e-05,1.53720812261e-05,2.56201353768e-05,0.000988937225544,0.0,0.000686619628098,0.0,0.000251077326693,1.02480541507e-05,0.0007071157364,0.0,5.12402707536e-06,5.12402707536e-06,0.000461162436782,2.04961083014e-05,0.000102480541507,0.00126051066054,0.000174216920562,0.000855712521585,0.000133224703959,3.58681895275e-05,0.000230581218391
Bajura,0.0,0.0700160104364,0.65389290797,0.203199122391,0.000103771347249,0.000111183586338,0.0405227111006,0.000689338235294,0.00314278937381,0.0145205763757,0.000741223908918,0.00045214658444,0.000318726280835,0.0104364326376,0.0018530597723,134912.0,0.199,0.641,0.082,55.48,41.17,43.28,0.1379,0.508,0.3153,3646.0,0.025512926945,0.025349857685,0.025097841556,0.0,0.00107477466793,0.0239637689753,0.0254462167932,0.0254388045541,0.0246753439279,0.00811640180266,0.00916893975332,0.0082942955408,7.83473671727e-05,0.000643530597723,2.69805502846e-06,0.000704162713472,0.0,2.22367172676e-05,7.41223908918e-06,0.00213472485769,0.0,0.000296489563567,0.0,7.41223908918e-06,0.0,0.00108218690702,0.0,0.0,0.0,0.000318726280835,0.000170481499051,7.41223908918e-06,0.000148244781784,0.0,0.000259428368121,7.41223908918e-06,0.0,0.0
Banke,0.000578042917651,0.0664688294427,0.194220384968,0.0679505732598,0.0153914103637,0.0435893208606,0.125246024428,0.022515178715,0.0668677604704,0.00644395731438,0.189895239898,0.0129123389774,0.00508433524047,0.0248192089361,0.158017394207,491313.0,0.066,0.264,0.024,43.69,24.83,32.1,0.0784,0.448,0.0487,13593.0,0.024033559055,0.0231644593162,0.0225457091508,0.0167998811348,0.000614679440601,0.0207138830033,0.024033559055,0.0231644593162,0.0225457091508,0.0121938560551,0.0116829800962,0.0098084113386,7.32119850279e-05,0.000184322417685,9.66797133396e-07,0.000201500876224,2.84950734053e-05,1.83182614749e-05,0.000107874206463,0.00256455660648,6.10608715829e-06,0.000309375082687,1.62828990888e-05,3.86718853358e-05,1.62828990888e-05,0.000722553647064,0.0,2.44243486332e-05,8.14144954438e-06,0.000455921174486,8.14144954438e-06,6.10608715829e-05,0.00016689971566,1.83182614749e-05,0.000134333917482,2.0353623861e-05,1.62828990888e-05,2.0353623861e-05
Bara,7.27052760765e-05,0.0431753011453,0.0356852036039,0.00596328674379,0.0109290570998,0.111857067244,0.362694632024,0.0782352393749,0.0157261512153,0.053627411634,0.130628115421,0.00841636275861,0.00142356930558,0.0066932477156,0.134872649438,687708.0,0.072,0.299,0.025,56.75,21.78,40.09,0.0624,0.396,0.0396,17245.0,0.0245889243691,0.0239462097285,0.0232046159126,0.0133530510042,0.000444956289588,0.0220006165407,0.0246180064795,0.0237760793825,0.0231217318978,0.0112300569428,0.0127655923735,0.0102209077108,2.77152512404e-05,0.000128804667097,6.64526223339e-07,0.000151226974239,2.90821104306e-06,1.45410552153e-06,6.25265374258e-05,0.00152971900865,1.30869496938e-05,0.000205028878536,0.0,3.19903214736e-05,9.8879175464e-05,0.00168967061602,0.0,1.59951607368e-05,1.01787386507e-05,0.000894274895741,0.000321357320258,0.000338806586516,0.000238473305531,3.63526380382e-05,0.000250106149703,0.00019921245645,4.9439587732e-05,2.61738993875e-05
Bardiya,6.79831964292e-05,0.0871591463186,0.145176943851,0.0840600502607,0.00318583323956,0.0136833764675,0.0323787554855,0.0205285810735,0.0380237050373,0.00599424252654,0.0259555155471,0.00562385131841,0.000743126664416,0.00597314429316,0.531445744721,426576.0,0.071,0.287,0.025,43.46,26.37,32.3,0.0884,0.506,0.0214,7740.0,0.019262687071,0.0189532463148,0.019063425978,0.0169981433555,9.14256779566e-05,0.0180671205131,0.019262687071,0.0189532463148,0.019063425978,0.0105327069502,0.00812750834552,0.00821658977533,9.1800757661e-05,0.000192650313192,1.09241963917e-06,0.000218015078204,1.40654889164e-05,7.0327444582e-06,0.000192228348524,0.0043345148344,1.40654889164e-05,0.000541521323281,0.0,0.0,2.81309778328e-05,0.00312019429129,0.0,2.34424815273e-05,4.68849630546e-06,0.00121666479127,4.68849630546e-06,6.0950451971e-05,0.000452439893477,0.000107835415026,0.000363358463674,0.000363358463674,6.32947001238e-05,0.00010314691872
Bhaktapur,0.000131297780083,0.142303816498,0.214602939101,0.0172590931919,0.00183488647666,0.000416870451763,0.00791725613899,0.000331526894709,0.0475855979465,0.0937170729786,0.00494336142012,0.455842915336,0.000679466011928,0.00604298032831,0.00639091944553,304651.0,0.029,0.125,0.01,21.87,22.58,19.43,0.0331,0.269,0.1825,3266.0,0.0158246649445,0.0164778714004,0.0172295511914,0.0138880226883,0.000321679561203,0.0179681012043,0.015873901612,0.0164778714004,0.0172689405254,0.00981779150569,0.00166748180705,0.00869191304148,0.00028590091613,0.00030086886306,1.88084069969e-06,0.000338091783713,9.84733350621e-06,3.28244450207e-05,6.56488900414e-06,0.000525191120331,3.28244450207e-06,0.000643359122406,3.28244450207e-06,1.64122225103e-05,0.00049236667531,0.000561298009854,0.0,1.31297780083e-05,0.0,0.000643359122406,0.000288855116182,0.000262595560166,0.000210076448132,0.000354504006224,0.000344656672717,4.5954223029e-05,3.61068895228e-05,4.5954223029e-05
Bhojpur,7.67295666424e-05,0.0618659534471,0.208024816534,0.0981754805189,0.000263072799917,0.000115094349964,0.00162776294948,0.000279514849911,0.435906148779,0.109745203032,0.0001041329833,0.0803632596912,0.0,0.00252659501587,0.00092623548304,182459.0,0.048,0.244,0.014,36.91,38.46,33.03,0.0965,0.455,0.3143,3846.0,0.0212979354266,0.0214952400265,0.0212266865433,0.0,0.000295956899906,0.0199277645937,0.0212979354266,0.0214404331932,0.0212814933766,0.00315139291567,0.0128193183126,0.0045106023819,0.000201689146603,0.000367205783217,2.62524731584e-06,0.000487780816512,1.64420499948e-05,0.0,1.09613666632e-05,0.000728930883103,0.0,0.00078921839975,3.28840999896e-05,0.0,0.00129892194959,0.00595202209812,0.0,1.64420499948e-05,1.64420499948e-05,0.000175381866611,0.0,0.000115094349964,0.000345283049891,1.64420499948e-05,0.000202785283269,0.000460377399854,0.0,3.83647833212e-05
Chitawan,0.000215523186847,0.28561477558,0.126034511297,0.0843919832271,0.00123451681426,0.00231730530497,0.0166194239841,0.00176039339016,0.146547146128,0.158440577671,0.0116899776546,0.0521669563298,0.00123968937074,0.00208281607768,0.109644403984,579984.0,0.017,0.089,0.005,27.77,28.88,24.8,0.0645,0.42,0.1577,13456.0,0.0196039890756,0.0190522497172,0.0192332891942,0.0147262683108,9.8278573202e-05,0.018455681536,0.0196039890756,0.0190143176363,0.0192332891942,0.0110968578444,0.00501565560429,0.00941232861596,0.000143245330906,0.00014664197633,9.5002620762e-07,0.000160349251014,3.10353389059e-05,4.82771938536e-05,8.62092747386e-05,0.00179832547105,1.20692984634e-05,0.000808642997048,0.0,5.17255648432e-05,4.82771938536e-05,0.000837954150459,0.0,5.17255648432e-06,1.20692984634e-05,0.00136383072636,0.000248282711247,0.00104658059533,0.00298973764794,0.000832781593975,0.00510531325002,0.000427598002704,0.000956922949599,0.00121037821733
Dadeldhura,0.0,0.15818401903,0.578968851605,0.188586428702,0.000204090250116,0.000161864681127,0.0183751601053,0.0,0.0391431024533,0.00287133869129,0.000260391008769,0.00881810632398,0.0,0.00325136881219,0.00117527833688,142094.0,0.118,0.433,0.045,42.74,38.91,35.8,0.0889,0.486,0.2922,3778.0,0.0240333863499,0.024026348755,0.0244486044449,0.0,0.000647458724506,0.0222951004265,0.0240333863499,0.024026348755,0.0244486044449,0.0104015651611,0.0115838810928,0.00758652722845,0.000303179585345,0.000545483975397,3.11061691556e-06,0.00061930834518,0.000365954931243,8.44511379791e-05,0.000154827086295,0.00855771531521,0.0,0.000936000112602,0.0,7.03759483159e-06,6.33383534843e-05,0.00136529339733,0.0,2.11127844948e-05,0.0,0.00135121820767,0.000302616577758,0.00044336847439,0.00548228637381,0.000612270750348,0.00271651160499,0.0010908271989,0.000168902275958,0.000394105310569
Dailekh,0.0,0.108824540627,0.504759903732,0.269117927952,0.0,0.0,0.00054628108645,0.0,0.105623257058,0.0030064560492,0.00175344768308,0.00311724032548,4.20216220346e-05,0.0026817435153,0.000527180349161,261770.0,0.088,0.358,0.031,47.7,46.86,41.35,0.0863,0.456,0.4812,7075.0,0.0268670970699,0.0264850823242,0.0265385643886,0.0,0.00014898575085,0.0257363334225,0.0268670970699,0.0264850823242,0.0265385643886,0.00998586545441,0.0137869121748,0.0092371165527,7.58681285098e-05,0.000212896817817,1.61210222715e-06,0.000359093861023,1.14604423731e-05,4.58417694923e-05,1.52805898308e-05,0.00275050616954,7.64029491538e-06,0.000603583298315,0.0,0.0,0.0,0.00412957940176,0.0,5.34820644077e-05,1.14604423731e-05,0.000187187225427,0.0,0.000126064866104,0.000733468311877,0.000118424571188,0.000252129732208,0.000133705161019,3.82014745769e-06,7.25828016961e-05
Dang,7.60066813492e-05,0.102455196776,0.284663118482,0.114116793314,0.000378223723857,0.00184768622994,0.0201363415089,0.000689489180811,0.141021348829,0.0180226318942,0.00864485516203,0.00831911224196,0.000164681142923,0.00421656113199,0.295247953701,552583.0,0.059,0.251,0.02,37.59,42.01,34.92,0.0798,0.393,0.4472,13263.0,0.0238534301634,0.0237575169703,0.0236797006061,0.0187736502933,2.53355604497e-05,0.0235548324867,0.0238534301634,0.0237575169703,0.0236797006061,0.00408264459819,0.0112055564503,0.0133590790886,7.98251122456e-05,0.000125320540082,8.77696201295e-07,0.000162871460034,0.0,0.0,2.35258775605e-05,0.00253355604497,3.61936577853e-06,0.000548333915448,0.0,0.0,4.7051755121e-05,0.00207570627399,0.0,0.0,0.0,0.0018549249615,0.0,0.000439752942092,0.000899412395966,6.15292182351e-05,0.000624340596797,0.000195445752041,2.53355604497e-05,4.52420722317e-05
Dhading,0.0,0.149809413004,0.166701877899,0.116179214264,0.000238047770236,0.000223169784597,0.00317496213553,0.000160682244909,0.160569172219,0.303549589814,0.0030767674303,0.0939901864807,0.0,0.0013628234846,0.000964093469457,336067.0,0.038,0.188,0.012,46.74,20.85,33.38,0.0768,0.263,0.1539,7839.0,0.0235488756706,0.023185852821,0.0233554618573,0.00230013657991,5.65363454311e-05,0.0241231659163,0.0235488756706,0.023185852821,0.0233554618573,0.00486807690133,0.012045217174,0.0108520027256,0.000153034960291,0.000206060101111,1.37175027599e-06,0.000264828144388,3.86827626634e-05,8.92679138386e-06,4.46339569193e-05,0.00306486504179,8.92679138386e-06,0.0007558016705,2.97559712795e-06,5.05851511752e-05,0.000172584633421,0.00364510648174,0.0,0.000208291798957,5.95119425591e-06,0.000693314130813,0.00014580425927,0.000181511424805,0.000996825037864,0.000312437698435,0.000779606447524,0.000437412777809,9.81947052225e-05,9.52191080945e-05
Dhankuta,7.34340195334e-05,0.0541453504027,0.213754191859,0.073293270996,0.000501799133479,0.000483440628595,0.0031270653318,0.000336572589528,0.529000318214,0.0711269674198,0.000985239762074,0.0467101559249,0.000556874648129,0.00327393337087,0.00263138569995,163412.0,0.029,0.159,0.008,31.41,31.59,27.57,0.0711,0.449,0.1827,3792.0,0.0234070937263,0.0232418671823,0.0233030621986,0.0,0.000232541061856,0.0228135020684,0.0232847036937,0.0231255966514,0.0233030621986,0.00752698700218,0.0154762196167,0.00817565417472,0.000297652559176,0.000467652314396,3.16378234157e-06,0.000538516143245,6.11950162779e-06,0.0,0.0,0.00100971776858,0.0,0.00100971776858,0.0,0.0,0.000122390032556,0.00212346706484,0.0,2.44780065111e-05,6.11950162779e-06,0.000318214084645,0.0,0.000575233153012,0.000348811592784,6.73145179057e-05,0.000354931094412,4.89560130223e-05,3.05975081389e-05,6.11950162779e-06
Dhanusa,3.31223659438e-05,0.0136212417707,0.0157066259306,0.00986384057808,0.0422588393658,0.158142073752,0.428089356194,0.124253918707,0.015383351639,0.0275101122583,0.084391813741,0.00605874317845,0.00367525772513,0.0139445160624,0.057067186732,754777.0,0.046,0.231,0.014,58.11,27.74,41.72,0.0731,0.436,0.1188,19989.0,0.0262673610881,0.0257731753882,0.0249265677147,0.0126262458978,0.000703519052647,0.0234811076649,0.0259520361643,0.025708255551,0.0246496647354,0.0136477396635,0.0138915202768,0.0140306342138,3.16252350032e-05,9.93670978315e-05,5.71029588872e-07,0.000133814358413,2.64978927551e-06,1.32489463775e-06,0.000400118180602,0.000744590786418,3.97468391326e-05,6.09451533367e-05,1.32489463775e-06,0.0,2.91476820306e-05,0.000186810143923,1.32489463775e-06,0.0,0.0,0.000416016916255,1.32489463775e-06,6.22700479744e-05,5.82953640612e-05,1.32489463775e-06,0.000102016887107,2.64978927551e-06,1.98734195663e-05,5.96202586989e-05
Dolakha,0.0,0.0919772509206,0.343042608961,0.0872441130593,0.000305536645636,0.000310896937665,0.00155984498035,0.000112566132603,0.109644773447,0.269681652256,0.000246573433321,0.0937943899184,0.0,0.0016241684847,0.00045562482244,186557.0,0.057,0.26,0.018,46.4,33.07,35.7,0.0761,0.44,0.2215,3938.0,0.0211892343895,0.0210552270888,0.0213500431504,0.0,0.000326977813751,0.0208032933634,0.0212428373098,0.0206317640185,0.0213500431504,0.0110475618712,0.00627154167359,0.012516281887,0.000257990855342,0.000436488579898,2.46037404118e-06,0.000466345406498,0.0,1.07205840574e-05,1.60808760861e-05,0.0029320797397,2.14411681148e-05,0.000450264530412,0.0,4.82426282584e-05,0.000214411681148,0.0023906902448,0.0,0.0,5.36029202871e-06,0.000755801176048,0.000117926424632,0.000653955627503,0.000434183654325,0.000423463070268,0.000343058689837,0.000423463070268,0.00020905138912,0.000343058689837
Dolpa,0.0,0.0171662125341,0.515504087193,0.134114441417,0.0,0.0,0.000381471389646,0.0,0.197029972752,0.129482288828,0.000381471389646,0.00237057220708,0.0,0.00171662125341,0.00185286103542,36700.0,0.11,0.428,0.04,55.78,44.63,44.56,0.1448,0.541,0.3516,874.0,0.0245231607629,0.0223705722071,0.0206267029973,0.0,0.000653950953678,0.0208719346049,0.0235967302452,0.0224250681199,0.0206267029973,0.019863760218,0.00395095367847,0.0134604904632,0.000480653950954,0.00189891008174,1.09264305177e-05,0.00269754768392,0.0,0.0,0.0,0.00204359673025,0.0,0.0,0.0,0.0,0.0,0.0,0.0,0.0,0.0,0.0,0.0,0.00264305177112,0.000517711171662,0.000735694822888,0.000490463215259,0.0,0.0,0.0
Doti,5.19490332757e-05,0.0804171035108,0.617848743306,0.203635487801,0.000420314905594,0.00025502252699,0.0121419058684,0.0,0.0361848629962,0.00427871128616,0.000547826169089,0.0053932541819,0.000406146987428,0.0366004552624,0.00181821616465,211746.0,0.135,0.489,0.052,52.32,47.02,43.57,0.094,0.576,0.3645,6152.0,0.029001728486,0.0286333626137,0.0277549516874,0.0,0.0010011995504,0.0257903337017,0.0288364361074,0.0284255664806,0.0276179951451,0.0113390571723,0.011627138175,0.00919025625041,0.000110084724151,0.000377622245521,1.9221142312e-06,0.00040142434804,9.4452787774e-06,4.7226393887e-05,9.4452787774e-06,0.00156791627705,0.0,0.00040142434804,4.7226393887e-06,0.0,2.36131969435e-05,0.000240854608824,0.0,0.000127511263495,9.4452787774e-06,0.000321139478432,8.97301483853e-05,0.000273913084545,0.000604497841754,7.08395908305e-05,0.000420314905594,8.97301483853e-05,3.30584757209e-05,0.000103898066551
Gorkha,6.64057167944e-05,0.152102294318,0.129199700436,0.162634978842,7.37841297715e-05,0.00020659556336,0.00131335750993,0.000431637159163,0.324974821166,0.137386049635,0.0112742150291,0.0776725534105,0.0001291222271,0.00166383212635,0.000870652731304,271061.0,0.049,0.204,0.018,41.83,34.23,33.58,0.0657,0.313,0.3716,5276.0,0.0205710153803,0.0202426760028,0.0207628541177,0.0,0.000195527943895,0.0193720232715,0.0205710153803,0.0202426760028,0.0207628541177,0.00953290956648,0.00548216084202,0.0111782956604,0.000162878466471,0.000258650266914,1.77450832101e-06,0.000298825725575,1.10676194657e-05,6.27165103058e-05,4.42704778629e-05,0.000793179395044,0.0,0.00167489974581,0.0,0.0,0.000136500640077,0.00291078391949,0.0,0.0,0.0,0.00133180354238,0.0,0.000121743814123,0.00200692832979,0.000166014291986,0.010488414047,0.0013244251294,2.21352389315e-05,0.000110676194657
Gulmi,0.000217732724158,0.253130354083,0.25582167333,0.206871073672,0.0,0.000124928612222,0.000831667618504,0.000328383780697,0.22645631068,0.0349086236436,0.00153840662479,0.0176970302684,0.0,0.00142418617933,0.000649628783552,280160.0,0.059,0.256,0.02,34.42,27.36,27.42,0.0826,0.433,0.1142,6629.0,0.0237364363221,0.0237328669332,0.0239041976014,0.0,0.000146344945745,0.023561536265,0.023740005711,0.0237364363221,0.0238649343232,0.00271987435751,0.0168725014278,0.0116433466591,0.000239256139349,0.00027787692747,1.65619645917e-06,0.000271273557967,1.42775556825e-05,3.56938892062e-06,7.13877784123e-06,0.00238792118789,3.56938892062e-06,0.000567532838378,0.0,1.78469446031e-05,2.85551113649e-05,0.00154197601371,0.0,5.71102227299e-05,0.0,0.000182038834951,3.56938892062e-06,0.000214163335237,0.00308038263849,0.00028912050257,0.00262350085665,0.000303398058252,0.000189177612793,0.000392632781268
Humla,0.0,0.0643163317472,0.584018246883,0.156946793032,0.0,0.0,0.00275276259389,0.0,0.00487632230917,0.183157025443,0.00021628848952,0.000511227338865,0.0,0.00192693381572,0.00127806834716,50858.0,0.166,0.56,0.067,62.78,47.88,49.26,0.116,0.657,0.3005,1470.0,0.0285107554367,0.0278618899681,0.0276849266585,0.0,0.00369656691179,0.024794525935,0.0285107554367,0.0278618899681,0.0276849266585,0.0199771913957,0.00330331511267,0.0139997640489,0.000507884698572,0.000951669353887,7.39313382359e-06,0.0020252467655,0.000334264029258,0.00469935899957,0.00192693381572,0.00808132447206,0.0,0.000255613669433,0.0,3.93251799127e-05,0.0,0.0046403712297,0.0,0.0,0.0,0.0,0.00021628848952,0.000373589209171,0.00021628848952,5.8987769869e-05,0.000904479137992,0.000314601439302,0.0,5.8987769869e-05
Ilam,9.99124904394e-05,0.13898171946,0.144631943057,0.0541491245599,0.000275620663281,0.0003066279879,0.00277687818256,0.000423766769795,0.516964451825,0.0947893913607,0.000778628373769,0.0366334314084,0.00125751927622,0.00510931804557,0.00282166654034,290254.0,0.012,0.073,0.003,26.54,34.05,26.96,0.0842,0.461,0.22,6885.0,0.0227008068795,0.0222494780434,0.0223528357921,0.0,0.000223941788916,0.0217430250746,0.0227008068795,0.0222425875268,0.0223528357921,0.00382079144473,0.0166474880622,0.00733840015986,0.00023417420604,0.000235069973196,1.81220586107e-06,0.000327299537646,0.000124029298477,0.0,1.0335774873e-05,0.000365197378847,0.0,0.000558131843144,0.0,6.89051658203e-06,0.000141255589932,0.00233243986302,0.0,5.85693909472e-05,6.89051658203e-06,0.000175708172842,0.0,0.000358306862265,0.00101635119585,0.00010335774873,0.000654599075293,0.000158481881387,8.95767155664e-05,0.000261839630117
Jajarkot,0.0,0.0461810582357,0.566886937841,0.288247793397,6.42133283519e-05,0.00100406295241,0.00113832718442,0.0,0.0913755662448,0.000863961145099,0.0,0.00183883622099,0.0,0.0016111707841,0.000788072666137,171304.0,0.09,0.377,0.031,53.08,47.6,44.2,0.115,0.513,0.4391,4977.0,0.0296723952739,0.0292579274273,0.0283239153785,0.0,0.000898986596927,0.0283881287069,0.0296723952739,0.0292579274273,0.0283239153785,0.0184700882641,0.00565661047028,0.0173259235044,0.000147398776444,0.000449785177229,2.29416709476e-06,0.000583757530472,8.17260542661e-05,7.58884789614e-05,4.67006024378e-05,0.00122005323869,1.75127259142e-05,0.000665483584738,0.000221827861579,4.67006024378e-05,0.000344416942979,0.00100406295241,6.42133283519e-05,0.0,5.83757530472e-06,8.75636295708e-05,0.000286041189931,0.000239340587494,0.000869798720403,0.000169289683837,0.000274366039322,5.25381777425e-05,5.25381777425e-05,7.00509036567e-05
Jhapa,0.00011074878484,0.237847781948,0.171364055867,0.0552033470744,0.00609364425029,0.00806743370455,0.0320765397157,0.00614286593244,0.157701347444,0.0471666769212,0.031990401772,0.032769334892,0.0110588814373,0.0105125207654,0.191894419492,812650.0,0.019,0.106,0.005,30.08,14.84,21.82,0.0876,0.242,0.0549,19645.0,0.0271014581923,0.0261982403249,0.0264246600628,0.0176410508829,0.000267027625669,0.0268073586415,0.0271125330708,0.0262117762875,0.0264283516889,0.0150692179905,0.00747677351874,0.0169174921553,7.03131729527e-05,9.99815418692e-05,6.37420783855e-07,0.00011074878484,8.61379437642e-06,5.04522242048e-05,0.000216575401464,0.00356241924568,0.000169814803421,0.000770319325663,0.0,2.21497569679e-05,3.93773457208e-05,0.00190241801514,0.0,2.46108410755e-05,0.0,0.00148526425891,3.69162616132e-06,0.000370393158186,0.000878607026395,5.90660185812e-05,0.000855226727373,2.83024672368e-05,1.84581308066e-05,7.75241493878e-05
Jumla,0.0,0.109473838837,0.687626812093,0.169636709175,0.0,0.0,0.00988790040488,0.0,0.00591254211768,0.0118250842354,0.00101908722836,0.00185455513629,0.0,0.00166175484985,0.00110171592255,108921.0,0.131,0.49,0.049,55.57,37.03,42.09,0.1103,0.541,0.1996,3175.0,0.0291128432534,0.0282131085833,0.028947585865,0.0,0.00123024944685,0.0253945520148,0.0288465952388,0.0281672037532,0.0288282333067,0.015543375474,0.0154974706439,0.0126146473132,0.000341623745651,0.000807465961568,3.75501510269e-06,0.000936458534167,0.0,0.0,0.0,0.00149649746146,0.0,0.000413143470956,0.0,0.0,9.18096602124e-06,0.000183619320425,0.0,0.0,0.0,9.18096602124e-06,9.18096602124e-06,0.000100990626234,0.000174438354404,0.0,2.75428980637e-05,0.0,1.83619320425e-05,0.0
Kailali,0.000109577173914,0.124091637457,0.256349997228,0.119112966331,0.00168491019184,0.000840521381085,0.00921350661137,0.000648439040929,0.0405732046425,0.00662877445021,0.00635289780059,0.00394477826092,0.000876617391316,0.0137139056012,0.415858266438,775709.0,0.084,0.336,0.03,41.14,18.75,29.49,0.09,0.314,0.061,16092.0,0.020091297123,0.0199095279286,0.0196413861384,0.0149630853838,0.000197238913046,0.0193642203455,0.0200951645527,0.0199095279286,0.0196413861384,0.00881516135561,0.00801718170087,0.00755309014076,5.05344143229e-05,0.000114256763812,5.93005882361e-07,0.00012246860614,0.00013278175192,3.73851534532e-05,0.000149540613813,0.00184089652176,1.54697186703e-05,0.000564644731465,3.86742966757e-06,7.73485933514e-06,8.89508823541e-05,0.00102486886191,0.0,3.09394373405e-05,7.73485933514e-06,0.000657463043487,5.54331585685e-05,0.000360960102306,0.000488585281336,0.000269430933507,0.0011563614706,0.000505344143229,0.000183058337598,0.000193371483378
Kalikot,0.0,0.171086835879,0.548945585186,0.260529544061,0.0,0.0,0.00599497619534,0.0,0.00414755965768,0.00608990273681,0.000197155124573,0.000284779624383,0.0,0.00194234307912,0.00078131845664,136948.0,0.168,0.579,0.066,54.7,48.04,45.2,0.1338,0.541,0.4199,4127.0,0.0298361421854,0.0275579051903,0.0268642112335,0.0,0.00253380845284,0.0253088763618,0.0294126237696,0.0274191663989,0.0263603703596,0.0214533983702,0.00139468995531,0.0142900955107,0.000159622630487,0.000577445453749,2.73096357742e-06,0.000737506206735,0.0,3.65102082542e-05,8.76244998101e-05,0.0021687063703,7.30204165085e-06,0.000576861290417,0.0,1.46040833017e-05,0.000649881706925,0.000847036831498,0.0,2.19061249525e-05,0.0,2.19061249525e-05,2.92081666034e-05,5.11142915559e-05,0.000401612290797,0.000153342874668,0.000189853082922,5.84163332068e-05,0.0,1.46040833017e-05
Kanchanpur,0.000352356132326,0.159635056554,0.36015450484,0.119049835124,0.00074238556182,0.000374516895366,0.00886873736837,0.000104155586285,0.0336688472857,0.0167646172393,0.00102161117612,0.00255513597844,0.000485320710563,0.0385021097046,0.257720809843,451248.0,0.08,0.314,0.029,36.96,17.51,26.6,0.0852,0.317,0.0332,9936.0,0.0217219799312,0.0216023118108,0.0211413679396,0.0166560295004,0.000483104634259,0.0201352692976,0.0217175477786,0.0216156082686,0.0211613126263,0.00947151012304,0.00874463709534,0.00730640357409,7.50141828883e-05,0.000182094989895,1.05263624437e-06,0.000203879019962,0.0,6.64822891182e-06,5.76179839024e-05,0.00126759564585,6.64822891182e-06,0.00138726376627,2.21607630394e-06,1.55125341276e-05,2.65929156473e-05,0.00124100273021,0.0,0.0,6.64822891182e-06,0.0018016700351,4.43215260788e-06,5.54019075985e-05,0.000128532425628,8.86430521576e-05,0.000137396730844,3.10250682552e-05,1.55125341276e-05,2.88089919512e-05
Kapilbastu,0.00048082302915,0.0853836792928,0.0531405611817,0.0266410927097,0.0156188804342,0.0964128853578,0.262856333576,0.0810510266883,0.0395463828121,0.0036245314161,0.181586750965,0.0034933978627,0.00558803782241,0.0202085548033,0.124367062049,571936.0,0.089,0.355,0.032,52.9,26.76,38.26,0.0924,0.487,0.0482,15678.0,0.0250080428579,0.0241268253791,0.0239082694567,0.0182660297656,0.00046683545012,0.0206946231746,0.025100710569,0.0241687881162,0.0239117663515,0.00671054103956,0.0256042634141,0.0128231130756,3.80811839087e-05,0.000141641722151,7.5532926761e-07,0.000174844737873,0.0,0.0,8.04285794215e-05,0.00205092877525,0.00011015218486,0.000347941028367,0.0,0.0,8.74223689364e-05,0.00170473619426,0.0,0.0,0.0,0.000744838583338,0.00019232921166,8.91708163151e-05,0.000382909975941,5.07049739831e-05,0.000545515582163,2.62267106809e-05,2.44782633022e-05,2.62267106809e-05
Kaski,0.000967287003808,0.278062499746,0.168513182334,0.150346069279,0.00078033237282,0.00085755276388,0.010926685335,0.000790492950591,0.282819682258,0.0357123987498,0.00899414344297,0.048575690208,0.00105263585709,0.00539933102756,0.00620201667148,492098.0,0.008,0.04,0.003,21.43,15.22,16.5,0.0459,0.229,0.0755,12962.0,0.0185836967433,0.0188580323432,0.0196932318359,0.00723026714191,0.000294656755362,0.0194676670094,0.0185836967433,0.0188580323432,0.0196932318359,0.00572650163179,0.011150218046,0.0101646420022,0.000177749147528,0.000187422017566,1.17049855923e-06,0.000186954630988,0.000483643501904,0.00014428020435,4.06423110844e-05,0.00201992286089,1.42248088795e-05,0.000607602550711,0.0,0.00013005539547,7.72203910603e-05,0.000658405439567,0.0,2.84496177591e-05,4.06423110844e-06,0.000514125235217,0.000160537128783,0.00213778556304,0.00908558864291,0.00115627375035,0.00521034428102,0.00341395413109,0.000613698897374,0.00554767546302
Kathmandu,0.000972343255515,0.235131633261,0.217243039949,0.0224235196991,0.00330287116452,0.0014934871348,0.0199571159932,0.00101992845021,0.115240448562,0.120857794799,0.0125011466312,0.219657845251,0.00948665321286,0.00779307893409,0.0129190937027,1744240.0,0.015,0.076,0.005,15.96,31.0,22.45,0.0439,0.32,0.3,41140.0,0.0165298353438,0.0166112461588,0.0170773517406,0.00609721139293,0.000403040865936,0.0168004403064,0.0165579278081,0.016606659634,0.0170997110489,0.0133422006146,0.00168898775398,0.0100272898225,5.37598036967e-05,5.34330138054e-05,3.62335458423e-07,6.30647158648e-05,5.27450350869e-05,0.000139315690501,8.02641838279e-06,0.00145794156767,2.46525707471e-05,0.000290097692978,2.63725175435e-05,0.000525730404073,0.000151355318075,0.000244805760675,1.14663119754e-06,2.46525707471e-05,5.15984038894e-05,0.00148947392561,9.28771270009e-05,0.0023322478558,0.00306609182223,0.000448332798239,0.00180995734532,0.000940810897583,4.98784570931e-05,0.000549809659221
Khotang,0.0,0.0720607623405,0.232148396603,0.107429524216,0.0,0.0001890340843,0.00300515723758,0.0,0.464757260848,0.0624878824305,0.00020842219551,0.0541170654155,0.0,0.00231687928962,0.00127961533987,206312.0,0.05,0.25,0.015,38.02,27.71,29.47,0.0815,0.336,0.2183,4638.0,0.0228925123115,0.0219667300012,0.0216952964442,0.0,0.000213269223312,0.020987630385,0.0228149598666,0.0213947807205,0.0216662142774,0.00964073829927,0.0109688239172,0.0100042653845,8.79250843383e-05,0.00036822870216,2.39443173446e-06,0.000431385474427,3.87762224204e-05,4.84702780255e-06,0.0,0.000882159060064,0.0,0.00154620186901,0.0,1.45410834077e-05,0.000252045445733,0.0038000697972,0.0,0.000145410834077,0.0,8.23994726434e-05,5.81643336306e-05,7.27054170383e-05,0.000591337391911,0.00022781030672,0.000775524448408,7.27054170383e-05,1.93881112102e-05,7.75524448408e-05
Lalitpur,0.00150171319201,0.130433296592,0.199131868789,0.0249758615091,0.0043748344484,0.00199729990686,0.0210133039399,0.00104884946981,0.103231567165,0.149964112686,0.00656225167261,0.332393427495,0.00324908359181,0.00549631300573,0.0146262165372,468132.0,0.015,0.076,0.005,20.32,23.34,19.18,0.0403,0.162,0.3048,11691.0,0.0141242213735,0.0153695966095,0.0174801124469,0.0104500440047,0.0,0.0164312629771,0.0141242213735,0.0153695966095,0.0174801124469,0.00246511667649,0.00999077183359,0.0210389377355,0.000178774362787,0.000190822246717,1.28382592944e-06,0.0002200234122,0.0,0.0,0.0,0.0,0.0,0.0,0.0,0.0,0.0,0.0,0.0,0.0,0.0,0.0,0.0,0.0,0.0,0.0,0.0,0.0,0.0,0.0
Lamjung,7.15461114688e-05,0.127507094989,0.177434356443,0.179485344972,0.000256373566097,0.000101356991248,0.00163959838783,0.000172903102716,0.37934940736,0.0870358446018,0.0056163697503,0.0371026209726,0.0,0.00277241181942,0.0014547709332,167724.0,0.039,0.168,0.013,36.38,21.94,26.98,0.057,0.322,0.1168,3392.0,0.0212014976986,0.0208855023729,0.0209033889008,0.0,0.000119243519115,0.0207662588538,0.0212014976986,0.0208855023729,0.0209033889008,0.00959314111278,0.00728577901791,0.0129021487682,0.000335014666953,0.000531826095252,3.02282320956e-06,0.000494860604326,0.0,2.38487038229e-05,5.96217595574e-06,0.00076912069829,2.38487038229e-05,0.000924137273139,0.0,2.38487038229e-05,5.96217595574e-05,0.00191385848179,0.0,4.17352316902e-05,0.0,0.000119243519115,2.98108797787e-05,0.000381579261167,0.00266509265221,0.000220600510362,0.0017648040829,0.00118647301519,1.19243519115e-05,0.00012520569507
Mahottari,2.07144905829e-05,0.0183434781223,0.0207272379617,0.0110041747666,0.0627362248638,0.154539660282,0.378216323019,0.0771821919118,0.0267280665413,0.0233691322222,0.133606870837,0.00702380572995,0.0014165524714,0.0046655406482,0.0804200261321,627580.0,0.035,0.162,0.011,62.96,26.59,44.75,0.0755,0.436,0.0958,13896.0,0.021863348099,0.0219637337073,0.0214410911756,0.0156601548807,0.000629401829249,0.0210299882087,0.0223413748048,0.0219637337073,0.0214410911756,0.0225548934,0.00230408872176,0.0225086841518,2.72634564518e-05,0.000123792982568,6.18247872781e-07,0.000156155390548,0.0,3.18684470506e-05,8.76382293891e-05,0.00295739188629,6.37368941012e-06,0.000239013352879,0.0,3.18684470506e-06,0.000121100098792,0.000578412313968,0.0,0.0,2.39013352879e-05,0.00094489945505,1.75276458778e-05,0.000159342235253,0.000368080563434,9.08250740941e-05,0.000380827942254,1.11539564677e-05,3.0275024698e-05,7.01105835113e-05
Makwanpur,0.000204529617553,0.140918528243,0.11486716277,0.0408179282101,0.001724232241,0.000692071147768,0.0119673608782,0.000665910382732,0.074063504068,0.541178233292,0.00427847420905,0.0619891218782,0.00119626043755,0.0023782513669,0.00305843125783,420477.0,0.073,0.279,0.027,38.21,23.32,28.44,0.0794,0.251,0.2155,8781.0,0.0211616806627,0.0207882951981,0.0205623613182,0.0111801596758,0.000492298032948,0.0197608906076,0.0216349526847,0.0207692691871,0.0205623613182,0.00976747836386,0.00475174623107,0.00869250874602,0.00011427497818,0.000171519488581,1.18199092935e-06,0.000230690382589,5.70780328056e-05,6.42127869063e-05,1.66477595683e-05,0.00194065311539,1.42695082014e-05,0.000749149180573,0.0,1.66477595683e-05,0.00016885584705,0.00183125355251,0.0,7.1347541007e-06,2.3782513669e-06,0.000625480109495,2.3782513669e-06,0.000459002513812,0.00078244469971,0.000133182076546,0.000663532131365,0.00134846852503,7.84822951077e-05,0.000411437486474
Manang,0.0,0.0345671459162,0.039920464974,0.051391862955,0.0,0.0,0.0,0.0,0.573722851025,0.268736616702,0.0,0.0194249005812,0.0,0.00978892627715,0.00244723156929,6538.0,0.099,0.369,0.038,29.18,28.56,25.52,0.1202,0.547,0.0242,39.0,0.00688283878862,0.00917711838483,0.00994187825023,0.0,0.00015295197308,0.00948302233099,0.00688283878862,0.00917711838483,0.00994187825023,0.00688283878862,0.00183542367697,0.00489446313857,0.00697308045274,0.0146956255736,8.68767207097e-05,0.0194249005812,0.0,0.0,0.0,0.00260018354237,0.0,0.0,0.0,0.0,0.0,0.00015295197308,0.0,0.00015295197308,0.0,0.00015295197308,0.000458855919241,0.0,0.000611807892322,0.0,0.00015295197308,0.0,0.0,0.00015295197308
Morang,0.000272434403389,0.130721899375,0.129211597626,0.039133182096,0.00938189502471,0.0717434765945,0.0842060557092,0.0522007106084,0.136201663611,0.0382661570175,0.0473911557227,0.0317453411645,0.0139656297585,0.0274568300237,0.188101971265,965370.0,0.033,0.165,0.01,35.09,17.29,25.32,0.07,0.315,0.0308,24536.0,0.0229538933259,0.022893812735,0.0232035385396,0.0168101349742,5.59371018366e-05,0.0216145104986,0.0229538933259,0.022893812735,0.0232035385396,0.00479608854636,0.0140215668604,0.00639340356547,4.81577011923e-05,8.88364046946e-05,5.31402467448e-07,9.73719920859e-05,0.000210282068015,2.17533173809e-05,7.976216373e-05,0.000993401493728,9.21926308048e-05,0.000731325812901,0.0,0.000138806882335,9.94437365984e-05,0.00124822606876,0.0,3.72914012244e-05,2.07174451247e-06,0.000879455545542,4.14348902493e-06,0.00116949977729,0.00165532386546,0.00159835089137,0.00223644820121,0.00154862902307,0.00140878626848,0.000117053564954
Mugu,0.0,0.0522193683754,0.654795065659,0.136182758745,0.0,0.0,0.00253228665485,0.000325579712766,0.00148319646927,0.0882501899215,0.0,0.00262272546395,0.0,0.0605578265745,0.00103100242376,55286.0,0.125,0.471,0.047,60.75,37.44,45.22,0.0941,0.502,0.2468,1383.0,0.0246355315993,0.0208009260934,0.0204934341425,0.0,0.0082661071519,0.0194081684332,0.0238396700792,0.0195890460514,0.0193719929096,0.0129508374634,0.00193539051478,0.00806714177188,0.00044097963318,0.00146981152552,7.18084144268e-06,0.0018630394675,0.0,0.0,0.0,0.000922475852838,0.0,5.42632854611e-05,0.0,0.0,0.000180877618204,0.000162789856383,0.0,0.0,0.0,0.0,0.0,1.80877618204e-05,0.0,0.0,0.000108526570922,9.04388091018e-05,0.0,1.80877618204e-05
Mustang,0.0,0.0367231638418,0.0814005352364,0.130240856378,0.0,0.0,0.0,0.0,0.510110020815,0.214391911983,0.0,0.00981266726137,0.0,0.0124888492417,0.00483199524234,13452.0,0.109,0.4,0.042,38.65,31.51,31.16,0.1202,0.547,0.0832,218.0,0.0180642283675,0.0172465060957,0.0182872435326,0.0,7.43383883437e-05,0.0191049658043,0.0180642283675,0.0172465060957,0.0182872435326,0.00557537912578,0.00669045495094,0.0117454653583,0.0,0.0,3.77639012786e-05,0.0083258994945,0.0,0.0,0.0,0.00520368718406,7.43383883437e-05,0.00185845970859,0.0,7.43383883437e-05,0.0,0.00327088908712,0.0,0.0,0.0,0.0,0.0,0.000371691941719,0.00104073743681,0.000148676776687,0.00059470710675,0.000446030330062,0.000446030330062,0.0
Myagdi,0.0,0.0804463177902,0.194533663027,0.245140398272,0.000105595691696,0.000175992819493,0.00202391742417,0.0,0.449740850573,0.00280708547091,0.00158393537544,0.0137626384843,0.0,0.00298307829041,0.00669652678171,113641.0,0.073,0.286,0.027,34.84,30.03,28.54,0.0727,0.475,0.1256,2439.0,0.0236446352989,0.0234246442745,0.0237766299135,0.0,0.00013199461462,0.0224126855624,0.0236710342218,0.0234246442745,0.0237766299135,0.00904603092194,0.0113163382934,0.00968840471309,0.0,0.0,4.31182407758e-06,0.000730370200896,1.75992819493e-05,2.63989229239e-05,4.39982048732e-05,0.000369584920935,0.0,0.00165433250323,0.0,0.000149593896569,7.03971277972e-05,0.00359025351766,0.0,6.15974868225e-05,8.79964097465e-06,0.0006247745092,3.51985638986e-05,0.000272788870214,0.00153113752959,0.00011439533267,0.000668772714073,0.000175992819493,8.79964097465e-05,0.000175992819493
Nawalparasi,0.000116548667616,0.174914686375,0.0817954089149,0.06727344493,0.00337214144968,0.0620784823188,0.102668498294,0.0399171416672,0.207147385891,0.0377664302542,0.0375550886702,0.0194543035984,0.000689968112285,0.0131808773162,0.15206959354,643508.0,0.038,0.17,0.013,36.25,26.01,27.99,0.0809,0.389,0.1311,13310.0,0.0215257619175,0.0211248345009,0.0210642291937,0.0168467214083,0.000133642472199,0.021469818557,0.0215257619175,0.0212802327244,0.0210642291937,0.0100309553261,0.00708771297327,0.0118786402034,7.3922934913e-05,0.000130456808618,7.66113241793e-07,0.000138304418904,6.2159289395e-06,1.39858401139e-05,0.000136750436669,7.61451295089e-05,7.76991117438e-06,0.000323228304854,0.0,1.39858401139e-05,2.33097335231e-05,0.0010427220796,3.10796446975e-06,2.17557512883e-05,3.10796446975e-06,0.00175444594317,3.10796446975e-06,8.23610584484e-05,0.000419575203416,0.000111886720911,0.000212895566178,9.01309696228e-05,1.55398223488e-05,7.14831828043e-05
Nuwakot,0.0,0.189439617113,0.135347477754,0.0672178353774,0.000115327367545,5.04557233008e-05,0.00277866876178,0.000151367169902,0.0764764606031,0.446399803943,0.00129022492441,0.0744402117699,6.48716442439e-05,0.00564383304922,0.000583844798195,277471.0,0.042,0.203,0.013,49.41,24.71,35.66,0.0677,0.371,0.1232,5211.0,0.0202723888262,0.0200957937947,0.0201534574784,0.0,0.000472121410886,0.0176234633529,0.0202399530041,0.0200885858342,0.0201606654389,0.0064979763651,0.00861711674373,0.00656645198958,0.000112263984344,0.000280822139971,1.67945478987e-06,0.000331566181691,1.80199011789e-05,0.000212634833911,5.76636837724e-05,0.0010775900905,2.16238814146e-05,0.000436081608528,1.08119407073e-05,3.60398023577e-05,0.00032435822122,0.00137672045007,3.60398023577e-06,1.80199011789e-05,2.16238814146e-05,0.000227050754854,0.000518973153951,0.000504557233008,0.000353190063106,0.000133347268724,0.000472121410886,0.000129743288488,3.2435822122e-05,5.04557233008e-05
Okhaldhunga,0.0,0.106038490648,0.235816034166,0.103321980755,0.0,0.000236512055357,0.00768326305547,0.00337874364796,0.335448426857,0.134724024219,0.000175694669694,0.0654395069737,0.000135149745918,0.0028178722024,0.00478430100551,147984.0,0.041,0.205,0.012,43.86,37.0,35.6,0.0717,0.567,0.1729,3096.0,0.0202251594767,0.0199751324468,0.0194615634123,0.0,0.000554113958266,0.0185898475511,0.0202859768624,0.0200156773705,0.017697859228,0.00654800518975,0.0079535625473,0.00877121851011,0.000352740836847,0.000556816953184,3.16250405449e-06,0.000587901394745,6.75748729592e-06,0.0,8.10898475511e-05,0.000189209644286,0.000155422207806,0.000952805708725,0.0,6.75748729592e-06,0.000162179695102,0.00407476483944,1.35149745918e-05,6.75748729592e-05,6.75748729592e-06,0.000979835657909,4.73024110715e-05,0.000310844415612,0.00376392042383,6.75748729592e-06,0.00600740620608,0.00307465671965,6.75748729592e-06,0.00258811763434
Palpa,0.00019143885443,0.174622865457,0.0950953365495,0.12017382648,8.42330959492e-05,0.000229726625316,0.00152002450417,4.59453250632e-05,0.532781989433,0.0302894555479,0.00470939581898,0.0345776858871,4.21165479746e-05,0.00358756413202,0.0020483957424,261180.0,0.052,0.216,0.018,29.18,28.42,25.23,0.0725,0.359,0.2093,6371.0,0.0210276437706,0.0207979171453,0.0210391301018,0.011061337009,0.000202925185696,0.0201010797151,0.0210276437706,0.0207979171453,0.0210391301018,0.0020828547362,0.0163144191745,0.00196033386936,0.0,0.0,1.9143885443e-06,0.000306302167088,0.00116011945785,0.000612604334176,0.000134007198101,0.000685351098859,2.29726625316e-05,0.00105674247645,0.0,0.000222069071139,0.000202925185696,0.00139750363734,0.0,4.21165479746e-05,0.000149322306455,0.00474768358986,7.6575541772e-06,0.00169997702734,0.0185236235546,0.00143579140822,0.00814380886745,0.00462133394594,0.00192970365265,0.00146259284784
Panchthar,0.0,0.107362746785,0.103729075108,0.0608079575846,0.000161612370124,0.000265878415365,0.00197062825506,0.000166825672386,0.620753113645,0.0840801388824,0.000286731624413,0.0143000881048,0.000344077949295,0.00409765557797,0.00167347002612,191817.0,0.019,0.114,0.005,33.09,42.63,33.66,0.0916,0.569,0.2835,4714.0,0.0246797729086,0.0246537063972,0.0245129472362,0.0,0.000390997669654,0.0237361651991,0.0246380664905,0.0246015733746,0.024450387609,0.0101085930861,0.0147744986107,0.0104109646173,0.000327916712283,0.000355130150091,2.5962245265e-06,0.000463983901323,5.21330226205e-06,0.0,1.04266045241e-05,0.000552610039777,0.0,0.000589103155612,0.0,4.17064180964e-05,5.21330226205e-05,0.00256494471293,5.21330226205e-06,0.0,0.0,0.000125119254289,5.73463248826e-05,0.000224171997268,0.000140759161075,1.04266045241e-05,0.0001511857656,6.77729294067e-05,5.21330226205e-06,3.12798135723e-05
Parbat,0.0,0.357254928713,0.212258680674,0.234490756532,0.0,0.000109147963708,0.000948222934716,0.0,0.155085612934,0.00867726311481,0.00423630534143,0.0238283648271,0.0,0.00154853673511,0.00156218023058,146590.0,0.025,0.127,0.008,32.43,21.84,24.62,0.0611,0.262,0.1747,2904.0,0.0214748618596,0.0213657138959,0.0216317620574,0.0,0.000211474179685,0.0214953271028,0.0214748618596,0.0212906746709,0.0216317620574,0.00345180435228,0.0135070605089,0.00856129340337,0.000514018691589,0.000600518452828,3.4790913432e-06,0.000545739818542,0.0,3.41087386588e-05,7.50392250495e-05,0.000225117675148,6.82174773177e-06,0.000880005457398,0.0,6.82174773177e-06,0.000156900197831,0.00195784159902,0.0,8.18609727812e-05,0.0,0.000497987584419,3.41087386588e-05,0.00034790913432,0.0020192373286,6.82174773177e-05,0.000341087386588,6.82174773177e-05,7.50392250495e-05,6.13957295859e-05
Parsa,0.000134771562202,0.0263503361802,0.0382801152047,0.0057103210059,0.0263270423299,0.120806898973,0.38096426557,0.0761625711086,0.0158947251076,0.0252472059859,0.14510737633,0.0165086844465,0.0118732082454,0.0129114484282,0.0977210295216,601017.0,0.071,0.292,0.025,51.31,20.91,36.37,0.053,0.372,0.0462,11555.0,0.0,0.0,0.0194303988074,0.0138565132101,0.0,0.0177465862031,0.0,0.0,0.0193937941855,0.0,0.0103291587426,0.0044591084778,4.24114459325e-05,0.000133390569651,7.7202475138e-07,0.000179695416269,0.0,0.0,0.0,0.0,0.0,0.0,0.0,0.0,0.0,0.0,0.0,0.0,0.0,0.0,0.0,0.0,0.0,0.0,0.0,0.0,0.0,0.0
Pyuthan,7.89120656548e-05,0.0985874740248,0.294030740634,0.215986707701,0.000214816178727,0.0,0.000197280164137,0.000254272211554,0.347099104786,0.0172817423784,0.00269177823956,0.0168126539881,7.89120656548e-05,0.00101270484257,0.00567290071985,228102.0,0.079,0.322,0.028,41.99,34.64,33.93,0.1161,0.484,0.2087,6755.0,0.0291273202339,0.0289782641099,0.0286319278218,0.0,5.26080437699e-05,0.028890584037,0.0291273202339,0.0289782641099,0.0286319278218,0.00981140016308,0.0128670507054,0.0113063454069,9.21955967067e-05,0.000389168003788,1.81059350641e-06,0.000341952284504,4.38400364749e-05,0.0,1.753601459e-05,0.000938176780563,4.38400364749e-06,0.000293728244382,0.0,4.38400364749e-06,1.31520109425e-05,0.00195526562678,0.0,0.0,0.0,0.00118368098482,0.0,0.000236736196965,0.00199910566326,2.19200182375e-05,0.000179744149547,0.000263040218849,4.38400364749e-06,0.0
Ramechhap,0.0,0.0484588888999,0.277029894496,0.0870088726153,0.000281278683024,0.000207257976965,0.00199362434985,8.38901335334e-05,0.149625455227,0.286233135616,0.000162845553329,0.144967085459,5.92165648471e-05,0.00315821679184,0.000730337633114,202646.0,0.056,0.256,0.018,47.9,32.4,36.35,0.0592,0.444,0.2039,3711.0,0.0185791972208,0.0188851494725,0.0193342084226,0.0,0.000138171984643,0.0185643930796,0.018574262507,0.0187371080604,0.0192207100066,0.0101901838674,0.00353818974961,0.0113893193056,0.000154308498564,0.00039008912093,2.30944602904e-06,0.000419450667667,1.9738854949e-05,2.46735686863e-05,4.93471373726e-06,0.000473732518777,0.0,0.000488536659988,7.40207060588e-05,0.0,0.000340495247871,0.00436228694373,0.0,0.0,3.45429961608e-05,0.000207257976965,0.000128302557169,0.000217127404439,0.00121393957937,8.38901335334e-05,0.00111524530462,0.000148041412118,0.000217127404439,0.000296082824235
Rasuwa,0.0,0.150692840647,0.0263048498845,0.0306697459584,0.000692840646651,0.0,0.00163972286374,0.0,0.0474364896074,0.713441108545,0.0,0.0233718244804,0.0,0.00478060046189,0.000969976905312,43300.0,0.072,0.316,0.024,58.68,28.57,42.24,0.087,0.45,0.1213,1007.0,0.0246189376443,0.0239953810624,0.0243879907621,0.0,0.000161662817552,0.0230484988453,0.0246189376443,0.0239953810624,0.0243879907621,0.00387990762125,0.00773672055427,0.0141339491917,0.000967436489607,0.00206558891455,1.06466512702e-05,0.00226327944573,0.0,0.0,4.61893764434e-05,0.00263279445727,0.0,0.00163972286374,0.0,0.0,2.30946882217e-05,0.0013856812933,0.0,2.30946882217e-05,0.0,6.92840646651e-05,0.0,0.000392609699769,0.000438799076212,2.30946882217e-05,4.61893764434e-05,4.61893764434e-05,0.0,0.0
Rautahat,0.000643637454458,0.0262959392593,0.0191838910068,0.00538063437606,0.0236063501679,0.12419144865,0.415593209479,0.0868517391317,0.01336639863,0.0290568818241,0.197341864685,0.00372785493984,0.00207944408363,0.00460011474803,0.048080591564,686722.0,0.083,0.334,0.029,66.11,22.29,46.43,0.0727,0.397,0.0487,18196.0,0.0259988758187,0.0252008818707,0.0243227972892,0.013548422797,0.000790712981381,0.0217759151447,0.0261503199257,0.0248805193368,0.0238684649684,0.0230093109002,0.010673897152,0.0146682354723,2.55998788447e-05,0.000107467068188,5.62090627648e-07,0.000152900300267,7.42658601297e-05,1.89305133664e-05,0.00014125075358,0.00159890028279,5.82477334351e-06,0.00014125075358,1.45619333588e-06,2.47552867099e-05,3.78610267328e-05,0.000559178240977,0.0,1.89305133664e-05,1.45619333588e-05,0.000409190327381,7.28096667938e-06,0.000119407853542,0.000132513593565,2.47552867099e-05,0.00021551661371,0.000119407853542,1.1649546687e-05,1.74743200305e-05
Rolpa,0.0,0.0117368800834,0.370315269971,0.166645880288,6.68133591084e-05,0.000111355598514,0.000293978780077,0.0,0.438705424354,0.000935387027518,0.000962112371162,0.00247654851095,0.0,0.00621364239709,0.00153670725949,224506.0,0.056,0.26,0.018,49.26,37.16,38.57,0.108,0.513,0.2303,5960.0,0.025932491782,0.0256875094652,0.0256251503301,0.0,0.00039197170677,0.0254380729246,0.0254603440443,0.0253489884457,0.0251708194881,0.0069619520191,0.00986610602835,0.0102758946309,9.09107106269e-05,0.000339411864271,1.75941845652e-06,0.000378609034948,0.0,0.000146989390039,7.57218069896e-05,0.0023830098082,4.45422394056e-06,0.000574594888333,3.11795675839e-05,2.67253436434e-05,0.00016035206186,0.0018885909508,2.67253436434e-05,1.33626718217e-05,0.000293978780077,0.000534506872868,4.45422394056e-05,0.000293978780077,0.000797306085361,4.45422394056e-05,0.000209348525206,3.56337915245e-05,2.22711197028e-05,5.79049112273e-05
Rukum,0.0,0.0331308404494,0.503560007096,0.211922307939,9.58924470314e-05,0.000139044048196,0.000805496555064,0.0,0.243633940173,0.000781523443306,0.000604122416298,0.00282403256508,0.0,0.0019801790312,0.000522613836321,208567.0,0.058,0.263,0.019,49.19,38.85,39.02,0.0814,0.513,0.2641,5364.0,0.0253299898833,0.0252772490375,0.0245532610624,0.0,0.000997281449127,0.0233402216074,0.0253299898833,0.0247977868023,0.0245532610624,0.0142112606501,0.00705768410151,0.0124995804705,9.74267261839e-05,0.000379014896892,2.06648223353e-06,0.000436310633993,0.0,5.27408458673e-05,4.79462235157e-05,0.0021384015688,0.0,0.000781523443306,0.0,2.39731117579e-05,0.0,0.000896594379744,0.0,0.000239731117579,0.0,0.000613711661001,0.0,0.000278088096391,0.00107399540675,7.67139576251e-05,0.000887005135041,0.000225347250524,0.000292471963446,0.00027329347404
Rupandehi,0.000653263591291,0.159338374635,0.0827747456248,0.0481733613877,0.00881849042713,0.0731416639021,0.170424541807,0.101337656613,0.13174792887,0.00860830996733,0.0823316624934,0.0213566069375,0.00443537575722,0.00975350944562,0.0971045085413,880196.0,0.041,0.173,0.014,35.61,20.1,26.15,0.073,0.377,0.025,25066.0,0.0243468500198,0.0240923612468,0.024416152766,0.0213316125045,0.0,0.0239923835146,0.0243468500198,0.0240923612468,0.024416152766,0.0,0.0218644483729,0.0150943653459,5.53740303296e-05,0.000104306313594,5.65783075588e-07,0.000109066616981,0.0,0.0,0.0,0.0,0.0,0.0,0.0,0.0,0.0,0.0,0.0,0.0,0.0,0.0,0.0,0.0,0.0,0.0,0.0,0.0,0.0,0.0
Salyan,0.0,0.0260761247958,0.640519047698,0.169800036297,4.53713022389e-05,0.0,0.000379469073271,0.0,0.152340334263,0.00149725297388,0.00110540990909,0.00573328273746,0.0,0.00181485208955,0.000688818861263,242444.0,0.063,0.288,0.021,44.5,48.14,40.57,0.0823,0.541,0.4219,5714.0,0.0229908762436,0.0229908762436,0.0229496296052,0.0,0.000107241259837,0.0225990331788,0.0229908762436,0.0229908762436,0.0229496296052,0.00831119763739,0.0097795779644,0.010175545693,6.75207470591e-05,0.00023650822458,1.81897675339e-06,0.000379469073271,0.0,1.64986553596e-05,1.23739915197e-05,0.00209945389451,4.1246638399e-06,0.000676444869743,0.0,4.1246638399e-06,0.000301100460312,0.00082080810414,0.0,4.1246638399e-06,4.1246638399e-06,0.000284601804953,0.0,0.000243355166554,0.00181485208955,0.000107241259837,0.000552704954546,0.000111365923677,1.23739915197e-05,0.000210357855835
Sankhuwasabha,0.0,0.0534137153368,0.190768668657,0.0824104521803,0.00144259238261,0.000163787781432,0.00132920084162,0.000258280732257,0.476912222348,0.141040178403,0.000258280732257,0.047479558025,0.00052286099457,0.00294188053571,0.00105832104925,158742.0,0.041,0.21,0.012,36.84,39.91,33.64,0.0843,0.474,0.3241,3359.0,0.0214750979577,0.021166420985,0.020819946832,0.0,0.000308676972698,0.02059316375,0.0211853195752,0.0209018407227,0.02059946328,0.00156228345365,0.0175882879137,0.00286628617505,0.00033633190964,0.000505663277519,3.07417066687e-06,0.000566957704955,1.25990601101e-05,1.25990601101e-05,1.25990601101e-05,0.00051026193446,0.0,0.00148038956294,6.29953005506e-06,1.25990601101e-05,0.000302377442643,0.00403169923524,0.0,6.92948306056e-05,1.25990601101e-05,0.000371672273248,1.88985901652e-05,0.000371672273248,0.000352773683083,0.000157488251376,0.000491363344295,0.000125990601101,0.000119691071046,0.000113391540991
Saptari,0.000259665500779,0.0130489735391,0.0156065222968,0.0102176810307,0.0227520163183,0.229830560439,0.347784396293,0.0374106031122,0.0116395842849,0.00977656252933,0.0893890665182,0.00419531851259,0.00451911826356,0.0219573773159,0.181612554045,639284.0,0.1,0.395,0.036,54.56,18.69,38.34,0.0539,0.334,0.0397,15514.0,0.02331983907,0.0231540285695,0.0230320170691,0.015012107295,0.000628828501886,0.0215350298146,0.0229053128187,0.0226237478179,0.0226081053178,0.0139562385419,0.0132038342896,0.0111796947835,2.97363925892e-05,0.000113110917839,6.83577252051e-07,0.000150168000451,0.0,0.0,4.22347501267e-05,0.00152357950457,3.12850000939e-06,1.56425000469e-06,3.12850000939e-06,0.0,0.0,0.000705476752116,0.0,4.69275001408e-06,4.69275001408e-06,0.000156425000469,3.12850000939e-05,5.00560001502e-05,0.000201788250605,9.38550002816e-06,0.000289386250868,9.38550002816e-06,6.25700001877e-06,1.56425000469e-05
Sarlahi,3.37781219104e-05,0.0357749285788,0.0425201596926,0.0140503995562,0.0305562087436,0.126584811018,0.435826115425,0.0761488783715,0.0253491813352,0.0720734180471,0.0789290776364,0.00955141354944,0.00395593773913,0.00361425904442,0.0450314331408,769729.0,0.036,0.177,0.011,62.0,24.36,43.86,0.0704,0.377,0.1101,20948.0,0.0262274125049,0.0246255500312,0.0237746011908,0.0128421821186,0.00107180579139,0.0220441220222,0.0262222158708,0.0246268491898,0.0238148751054,0.0169670104673,0.0125511706068,0.0191781782939,2.26962996067e-05,0.00010555663097,5.22261731077e-07,0.000133813329107,3.89747560505e-06,7.6650353566e-05,0.000102633524266,0.00103283103534,1.81882194902e-05,0.000226053585093,0.0,0.0,0.000149403231527,0.000691152340629,0.0,0.000115625109617,1.42907438852e-05,0.0007976833405,0.000144206597387,0.000491081926236,0.000300105621589,0.000544347426172,0.000522261731077,0.000202668731463,0.000111727634011,0.000198771255858
Sindhuli,0.0,0.0779123001296,0.147944576491,0.112497974287,0.00212362251513,0.00684691011236,0.00871731849611,0.000229580812446,0.176797482714,0.400966265125,0.00060433772688,0.0628038569576,0.0,0.00124243733794,0.00131333729473,296192.0,0.099,0.383,0.036,48.92,35.91,37.95,0.0856,0.363,0.3552,6553.0,0.0216312391962,0.0210133967156,0.0200984496543,0.0,0.000874432800346,0.018974178911,0.0215907249352,0.0209492491357,0.0200511830164,0.0106518744598,0.00596234874676,0.00888950410545,7.0933718669e-05,0.0002085471586,1.48552290406e-06,0.000310609334486,5.06428262748e-05,0.00012154278306,4.72666378565e-05,0.000540190146932,8.10285220398e-05,0.000151928478825,0.0,1.0128565255e-05,0.00104661840968,0.00149902765774,0.0,2.70095073466e-05,3.03856957649e-05,0.000698871002593,5.73952031115e-05,0.000165433232498,0.000226204624028,1.0128565255e-05,4.38904494382e-05,4.05142610199e-05,2.36333189283e-05,3.37618841832e-06
Sindhupalchok,0.000799171641221,0.103284247979,0.220717308668,0.0733813299606,0.000149410350315,6.25438675738e-05,0.00176165226999,0.000145935691005,0.0643784876893,0.421656856545,0.000132037053767,0.111109180745,0.0,0.00158791930451,0.000833918234317,287798.0,0.054,0.254,0.017,50.49,32.93,38.03,0.0841,0.466,0.1926,5216.0,0.0205282872014,0.0206637989145,0.0205178632235,0.0,0.000271023426153,0.0196874196485,0.0205421858387,0.0206742228924,0.0205109139049,0.00439891868602,0.00798476709359,0.00620574152704,0.000117617217632,0.00028120417793,1.58096998589e-06,0.000323143315798,1.38986372386e-05,0.0,0.0,0.00146283156936,0.0,0.00112926427564,0.0,5.90692082641e-05,0.000653235950215,0.00253302663674,0.0,2.08479558579e-05,3.47465930965e-06,0.000138986372386,6.25438675738e-05,0.000427383095088,0.000997227221871,0.000472553666113,0.000357889908894,7.29678455027e-05,2.08479558579e-05,3.12719337869e-05
Siraha,3.13810157407e-05,0.00942058092536,0.0132663244044,0.00963083373083,0.0112045916702,0.210340672307,0.464627319057,0.054874413175,0.0156967840735,0.0334976652524,0.0748672583034,0.00534104887907,0.00412503451912,0.0121930936661,0.0808829990209,637328.0,0.08,0.346,0.027,60.04,24.99,42.62,0.0637,0.397,0.1027,16903.0,0.0262172696006,0.0259411166621,0.0252428890618,0.0181052770316,0.000428350864861,0.0241775035774,0.0262172696006,0.0256586875204,0.025241320011,0.0107966384656,0.0171512941531,0.00930917831948,2.89803680366e-05,0.00011301872819,6.40172721111e-07,0.000149059824768,4.07953204629e-05,0.0,8.31596917129e-05,0.000484836693194,4.70715236111e-06,3.13810157407e-06,0.0,1.56905078704e-06,1.25524062963e-05,0.000760989631712,0.0,1.56905078704e-06,3.76572188889e-05,0.000353036427083,0.0,0.000147490773981,0.000149059824768,5.33477267592e-05,0.000262031481435,4.70715236111e-05,2.66738633796e-05,5.33477267592e-05
Solukhumbu,0.0,0.0462006308672,0.158028445687,0.0773190034565,0.000368320646733,0.000226658859528,0.00618589804129,0.0,0.543424059838,0.13883799558,0.000122773548911,0.0244886009482,0.000151105906352,0.00298434165045,0.00166216496987,105886.0,0.057,0.257,0.019,42.49,29.39,32.48,0.0874,0.476,0.1118,2176.0,0.019719320779,0.01959654723,0.0196532119449,0.0,0.00037776476588,0.0202009708554,0.0195398825152,0.0194926619194,0.0195776589917,0.0110968399977,0.0119373666018,0.0140622934099,0.000374364882987,0.00072719717432,4.7409478118e-06,0.000887747199819,0.000245547097822,0.0,0.0,0.000132217668058,0.0,0.00109551782105,0.0,3.7776476588e-05,0.0,0.00316377991425,0.0,0.0,0.0,0.000254991216969,0.0,0.000349432408439,0.000358876527586,0.000103885310617,0.000793306008349,0.00348487996525,2.8332357441e-05,0.000207770621234
Sunsari,0.000141456239595,0.0799122971315,0.0999480017341,0.0360608628569,0.0084611787758,0.0780157356969,0.146394110181,0.0167010047322,0.147538857898,0.0362114875564,0.11548723161,0.0380360110912,0.00992158347162,0.0114383087073,0.175731872317,763487.0,0.022,0.12,0.006,37.12,16.49,26.52,0.071,0.294,0.0358,18344.0,0.0228870956545,0.0224247433159,0.0222177980765,0.0160565929741,0.000170271399513,0.0210573329998,0.0228870956545,0.0224247433159,0.0222177980765,0.00982073041191,0.0138849777403,0.00941469861307,6.72310072077e-05,0.00010152104751,6.49650878142e-07,0.000124429099644,0.0,1.30977999625e-06,4.19129598801e-05,0.000272434239221,3.92933998876e-06,0.000204325679416,0.0,0.0,1.5717359955e-05,0.00123119319648,0.0,2.61955999251e-06,0.0,0.000264575559243,1.30977999625e-05,7.85867997752e-06,2.09564799401e-05,0.0,2.75053799213e-05,1.5717359955e-05,0.0,3.92933998876e-06
Surkhet,3.99083248766e-05,0.115278047001,0.380622797916,0.258041527463,0.000242300543893,0.000139679137068,0.00171890856433,3.13565409744e-05,0.203629377088,0.00746000615728,0.00520233520712,0.00543608396712,0.000136828542434,0.00231753343748,0.0197033101105,350804.0,0.075,0.305,0.026,33.0,47.58,36.36,0.0839,0.579,0.3726,8898.0,0.0244210442298,0.0242215026054,0.0239649490884,0.0158835133009,0.000219495786821,0.0228019064777,0.0244210442298,0.0242215026054,0.0239649490884,0.00796456140751,0.0105871084708,0.0109291798269,0.000104132221982,0.000220864072245,1.3568830458e-06,0.000265105300966,5.70118926808e-06,0.0,1.14023785362e-05,0.00415616697643,0.0,0.000934995039965,0.0,2.56553517064e-05,7.98166497531e-05,0.00170465559116,5.70118926808e-06,0.0,0.0,0.0010803753663,5.70118926808e-06,7.69660551191e-05,0.000305013625842,8.83684336553e-05,0.00044469276291,0.000248001733162,5.70118926808e-06,5.41612980468e-05
Syangja,4.49596746303e-05,0.308807254416,0.145541383651,0.158669608643,0.000491097984423,8.30024762405e-05,0.00140758365958,0.0,0.330014387096,0.0106001079032,0.0068684549089,0.0333220357741,4.84181111403e-05,0.00285666855728,0.00124503714361,289148.0,0.024,0.118,0.007,29.63,28.15,25.31,0.0685,0.391,0.172,5947.0,0.0238286275541,0.0238562950461,0.0238182522445,0.0,0.000162546515971,0.023116189633,0.023814793808,0.0252777124518,0.0238528366096,0.00161163141367,0.0141830481276,0.0118728125389,0.000236557057286,0.000271521850402,1.82259604078e-06,0.000266299611272,1.38337460401e-05,4.15012381203e-05,3.11259285902e-05,0.00130728900079,0.0,0.000940694730726,0.0,0.000114128404831,0.000349302087512,0.00277020764453,0.0,7.95440397305e-05,1.38337460401e-05,0.000857692254486,0.0,0.000338926777982,0.00189176477098,0.000518765476503,0.00103061407999,0.000307800849392,0.000107211531811,0.000131420587381
Tanahu,3.71186063201e-05,0.118723862315,0.146296800376,0.161465937492,0.000238177723887,0.000300042067754,0.00345512360496,0.000355719977234,0.428438420232,0.0460394447056,0.0129018089134,0.0767860236074,0.00024127094108,0.00322931874985,0.00149093068719,323288.0,0.033,0.148,0.011,31.68,36.03,29.75,0.0727,0.473,0.2476,6320.0,0.0211576056024,0.0209812922224,0.0210122243943,0.0,8.35168642201e-05,0.0197718442998,0.021166885254,0.0209812922224,0.0210122243943,0.00999727796887,0.00436762267699,0.011327361362,0.000175168889659,0.000255004825419,1.56516789983e-06,0.000247457375467,1.23728687734e-05,2.47457375467e-05,1.54660859667e-05,0.00108262601767,1.54660859667e-05,0.000751651777981,0.0,3.09321719334e-06,8.35168642201e-05,0.00131771052436,0.0,4.94914750934e-05,1.54660859667e-05,0.000773304298335,7.11439954468e-05,0.000300042067754,0.000460889361807,0.000173220162827,0.000637202741828,5.56779094801e-05,4.02118235134e-05,5.56779094801e-05
Taplejung,0.0,0.0777963455488,0.12769396129,0.0711668667279,0.0,0.000156910741325,0.00135727791246,0.00012552859306,0.621327307961,0.078769192145,0.0,0.0159185947074,0.0,0.00424443555284,0.00144357882019,127461.0,0.055,0.27,0.017,34.28,23.98,26.42,0.1078,0.385,0.0946,3403.0,0.0266748260252,0.025937345541,0.0254273856317,0.0,0.000141219667192,0.0261491750418,0.0266748260252,0.025937345541,0.0254273856317,0.013619852347,0.00817504962302,0.0164913189132,0.000422246804905,0.000559465248194,3.87569531072e-06,0.000706098335962,0.000305975945583,0.0,7.84553706624e-06,0.00144357882019,6.27642965299e-05,0.00171032708044,0.0,0.000439350075709,0.00025105718612,0.00363248366167,0.0,7.06098335962e-05,0.0,0.000219675037855,1.56910741325e-05,0.00107483857807,0.00154557080205,0.000564878668769,0.000258902723186,0.00012552859306,3.92276853312e-05,2.35366111987e-05
Terhathum,0.0,0.133219134253,0.206572353978,0.0929442688798,0.000354410939484,0.0,0.00107307756677,0.000226429211337,0.46301820294,0.0698287998267,0.000305187197889,0.0289238705612,0.0,0.00253010031799,0.00100416432854,101577.0,0.025,0.146,0.007,30.64,42.85,33.01,0.0799,0.634,0.2229,2077.0,0.0216092225602,0.0216978252951,0.021540309322,0.0,9.84474831901e-05,0.0201718893056,0.0216781357985,0.0215501540703,0.0215993778119,0.00970692184254,0.00773797217874,0.0125422093584,0.000572275219784,0.000893804699883,5.18818236412e-06,0.000856493103754,9.84474831901e-06,1.9689496638e-05,9.84474831901e-06,0.00142748850626,0.000177205469742,0.00358348838812,9.84474831901e-06,4.9223741595e-05,0.000187050218061,0.00292389025075,0.0,0.0,0.0,0.00029534244957,7.87579865521e-05,0.000206739714699,0.000521771660907,0.000108292231509,0.000502082164269,9.84474831901e-05,9.84474831901e-06,7.87579865521e-05
Udayapur,0.0,0.0599026239875,0.228153382966,0.106584533212,0.00120932693398,0.0133151934293,0.0204735270776,0.000784172933752,0.328370054042,0.118734489752,0.00682450902586,0.0344437725961,0.000462945466914,0.00201239560107,0.0787290729753,317532.0,0.058,0.259,0.019,39.3,26.03,29.74,0.0815,0.3,0.2207,7823.0,0.0238432661905,0.0233803207236,0.0230087046345,0.018388697832,0.000758978622627,0.0222339795674,0.0238432661905,0.0233803207236,0.0230087046345,0.0105690135167,0.0118098333396,0.00925261076049,8.09367244876e-05,0.000202121360997,1.49591222302e-06,0.000280286711261,6.29857778114e-06,6.92843555925e-05,0.000132270133404,0.00246274391242,0.0,0.000932189511608,0.0,9.44786667171e-06,6.61350667019e-05,0.00266744769031,0.0,3.14928889057e-06,6.29857778114e-06,0.000686544978144,7.24336444831e-05,0.000418855422446,0.000513334089163,0.000129120844513,0.000503886222491,8.50308000453e-05,0.0,6.29857778114e-06
Darchula,0.000750333898585,0.167084352537,0.70642435884,0.0677926677371,0.0,0.0,0.0128757296997,0.0,0.0022810150517,0.00899650344403,0.000232603508561,0.000382670288278,0.0,0.0327670813512,0.000412683644222,133274.0,0.152,0.53,0.059,41.8,32.6,33.06,0.0904,0.478,0.1739,3306.0,0.024941098789,0.0246184552126,0.0250986689077,0.0,0.000427690322193,0.0266818734337,0.024926092111,0.0247385086363,0.0250236355178,0.014308867446,0.00970932064769,0.0117127121569,0.000123279859537,0.000602067920224,3.27145579783e-06,0.000682803847712,0.0,1.50066779717e-05,2.25100169575e-05,0.00121554091571,7.50333898585e-06,0.000127556762759,0.0,0.0,3.75166949292e-05,0.000622777135825,0.0,0.0,0.0,0.00141062772934,0.0,2.25100169575e-05,0.000255113525519,7.50333898585e-06,5.25233729009e-05,0.0,7.50333898585e-06,2.25100169575e-05
Kavre,3.92734927488e-05,0.215339178975,0.154012310931,0.0577817807649,0.000282769147791,0.000212076860844,0.00252659470017,9.9492848297e-05,0.0540219983924,0.376357881012,0.000832598046275,0.132665858505,0.000138766341046,0.00444052291346,0.00124889706941,381937.0,0.025,0.139,0.007,37.23,21.14,27.34,0.0623,0.217,0.2058,7493.0,0.0208437517182,0.0206709483501,0.0209327716351,0.00869253306174,0.000128293409646,0.0198278773724,0.0208437517182,0.0206709483501,0.0209039710738,0.0131173465781,0.00443790468061,0.0117977572217,0.000186418178914,0.00021388344151,1.36148108196e-06,0.000240877422193,2.61823284992e-06,2.61823284992e-06,1.04729313997e-05,0.00281983677936,2.61823284992e-06,0.000447717817336,2.61823284992e-06,2.61823284992e-06,0.000400589626038,0.00147406509451,0.0,0.000128293409646,0.0,0.000303715010591,1.04729313997e-05,0.00120438711096,0.000615284719731,2.61823284992e-05,0.000521028337134,0.000154475738145,5.23646569984e-06,6.5455821248e-05
