,Foreigner,Hill Brahman,Hill Chhetree,Hill Dalit,Madhesi Brahman/Chhetree,Madhesi Dalit,Madhesi Other - OC A,Madhesi Other - OC B,Mtn/Hill Janajati A,Mtn/Hill Janajati B,Musalman,Newar,Other (MPB),Other undefined,Tarai Janajati,Poverty Severity,Adult illiteracy rate,Children <5 years malnourished,Sanitation Coverage (%,Sex Ratio (male per 100 female),Confirmed Meningitis 3,HIV/AIDS3,Leprosy3,STD/STI3,Anxiety (Neurosis,"Conversive disorder(Hysteria)",Depression,Epilesy,Mental retardation,Psychosis,caste_diversity,Vacc_Access
Achham,0,0.102036298,0.581749049,0.135157703,0.00010098,0,0.004920828,0,0.006921007,0.002637129,0.000998147,0.000493248,0.001743845,0.162239734,0.001002031,0.047,54.92,0.592,19.08,87,1.94E-05,0.001238946,0.000147586,0.005177161,0.000866097,0.000135934,0.001052521,0.000260217,5.83E-05,0.000182541,0.393517063,-0.103672667
Arghakhanchi,0,0.327664548,0.193248057,0.209019794,0.001603991,6.58E-05,0.001057521,0,0.193349255,0.034726158,0.008971219,0.027971179,0,0.00113848,0.001184019,0.024,34.43,0.31,46.2,77,5.06E-05,0,6.07E-05,0.001052461,0.001786148,0.000106258,0.002337678,8.10E-05,0.000126498,0.000111318,0.227857246,-0.141603354
Baglung,4.47E-05,0.195385182,0.205600622,0.26323,0.001165245,0,0.000926984,0,0.308175703,0.009563945,0.002762338,0.010721745,0,0.001786957,0.000636604,0.018,34.46,0.429,59.32,78,0,0.000215924,1.49E-05,0.001913534,0.003190464,0.000134022,0.000658941,0.000234538,0.00022337,0.000398343,0.244929155,-0.146424887
Baitadi,5.18E-05,0.185497692,0.603898796,0.083153313,0.001610216,0.000127542,0.052499422,0,0.003870099,0.000617781,8.37E-05,0.000482268,0.000135513,0.066975424,0.000996421,0.046,45.15,0.592,25.59,88,0.000282984,0,3.19E-05,0.002279811,0.000282984,6.38E-05,0.000653652,2.39E-05,1.59E-05,3.99E-06,0.413278741,-0.140837049
Bajhang,7.69E-05,0.101952767,0.726489683,0.11310265,0.000497031,0.000102481,0.000276697,0,0.002054735,0.001393735,0,0.000912077,0.000261325,0.052198464,0.000681496,0.063,54.97,0.632,14.03,91,5.12E-06,5.12E-06,2.56E-05,0.001655061,0.000312566,5.12E-05,0.000389426,8.20E-05,3.07E-05,4.61E-05,0.553706384,-0.131665061
Bajura,0,0.07001601,0.653892908,0.203199122,0.000103771,0.000111184,0.040522711,0.000689338,0.003142789,0.014520576,0.000741224,0.000452147,0.000318726,0.010436433,0.00185306,0.082,55.48,0.508,10.57,95,0,5.19E-05,6.67E-05,0.000978416,0.000163069,0,9.64E-05,1.48E-05,0,0,0.475744581,-0.09203489
Banke,0.000578043,0.066468829,0.194220385,0.067950573,0.01539141,0.043589321,0.125246024,0.022515179,0.06686776,0.006443957,0.18989524,0.012912339,0.005084335,0.024819209,0.158017394,0.024,43.69,0.448,35.97,99,2.04E-06,2.44E-05,2.24E-05,0.002141201,0.000111945,4.07E-06,0.000199466,2.04E-06,2.04E-06,1.42E-05,0.131438795,-0.149505621
Bara,7.27E-05,0.043175301,0.035685204,0.005963287,0.010929057,0.111857067,0.362694632,0.078235239,0.015726151,0.053627412,0.130628115,0.008416363,0.001423569,0.006693248,0.134872649,0.025,56.75,0.396,19.06,104,8.72E-06,0,9.60E-05,0.001670767,0.000216662,2.33E-05,6.98E-05,3.34E-05,1.16E-05,1.74E-05,0.191967912,-0.146183199
Bardiya,6.80E-05,0.087159146,0.145176944,0.08406005,0.003185833,0.013683376,0.032378755,0.020528581,0.038023705,0.005994243,0.025955516,0.005623851,0.000743127,0.005973144,0.531445745,0.025,43.46,0.506,39.16,93,0,0.000616537,7.03E-05,0.011854863,0.000192228,7.03E-06,0.00018754,0.00034226,9.38E-06,7.03E-06,0.322064209,-0.150841473
Bhaktapur,0.000131298,0.142303816,0.214602939,0.017259093,0.001834886,0.00041687,0.007917256,0.000331527,0.047585598,0.093717073,0.004943361,0.455842915,0.000679466,0.00604298,0.006390919,0.01,21.87,0.269,87.1,103,6.56E-06,0,4.92E-05,0.000781222,0.00029542,8.53E-05,0.000361069,0.000361069,1.31E-05,5.58E-05,0.285611327,-0.205541275
Bhojpur,7.67E-05,0.061865953,0.208024817,0.098175481,0.000263073,0.000115094,0.001627763,0.000279515,0.435906149,0.109745203,0.000104133,0.08036326,0,0.002526595,0.000926235,0.014,36.91,0.455,36.8,89,0,5.48E-06,3.84E-05,0.000652201,0.000169901,5.48E-05,0.000175382,0.000411051,2.19E-05,3.29E-05,0.265266648,-0.165732417
Chitawan,0.000215523,0.285614776,0.126034511,0.084391983,0.001234517,0.002317305,0.016619424,0.001760393,0.146547146,0.158440578,0.011689978,0.052166956,0.001239689,0.002082816,0.109644404,0.005,27.77,0.42,83.08,93,0.000206902,0.000155177,0.00016897,0.001675908,0.00078278,0.000677605,0.001432798,0.000177591,0.000212075,0.000324147,0.166334049,-0.175953225
Dadeldhura,0,0.158184019,0.578968852,0.188586429,0.00020409,0.000161865,0.01837516,0,0.039143102,0.002871339,0.000260391,0.008818106,0,0.003251369,0.001175278,0.045,42.74,0.486,43.08,88,0.000781173,6.33E-05,0.000126677,0.007670978,0.003624361,0.00055597,0.000865624,7.74E-05,0.000218165,0.000844511,0.397759877,-0.152380375
Dailekh,0,0.108824541,0.504759904,0.269117928,0,0,0.000546281,0,0.105623257,0.003006456,0.001753448,0.00311724,4.20E-05,0.002681744,0.00052718,0.031,47.7,0.456,19.86,94,0,1.15E-05,3.44E-05,0.002483096,0.000744929,0,0.000225389,9.17E-05,0,7.64E-06,0.350235673,-0.124396667
Dang,7.60E-05,0.102455197,0.284663118,0.114116793,0.000378224,0.001847686,0.020136342,0.000689489,0.141021349,0.018022632,0.008644855,0.008319112,0.000164681,0.004216561,0.295247954,0.02,37.59,0.393,44.11,90,1.45E-05,1.99E-05,4.52E-05,0.002187907,0.001011613,0.000215352,0.000908461,0.000255165,7.24E-06,4.71E-05,0.212507249,-0.131400618
Darchula,0.000750334,0.167084353,0.706424359,0.067792668,0,0,0.01287573,0,0.002281015,0.008996503,0.000232604,0.00038267,0,0.032767081,0.000412684,0.059,41.8,0.478,16.43,91,0,0,0,0,0,0,0,0,0,0,0,-0.313640253
Dhading,0,0.149809413,0.166701878,0.116179214,0.000238048,0.00022317,0.003174962,0.000160682,0.160569172,0.30354959,0.003076767,0.093990186,0,0.001362823,0.000964093,0.012,46.74,0.263,51.43,89,1.79E-05,1.49E-05,1.19E-05,0.002800037,0.000595119,0.000246975,0.000853996,0.000639753,3.87E-05,6.55E-05,0.19051142,-0.134119652
Dhankuta,7.34E-05,0.05414535,0.213754192,0.073293271,0.000501799,0.000483441,0.003127065,0.000336573,0.529000318,0.071126967,0.00098524,0.046710156,0.000556875,0.003273933,0.002631386,0.008,31.41,0.449,48.64,88,0,0,0,0.000930164,0.000116271,3.06E-05,0.000165227,3.67E-05,6.12E-06,0,0.341106004,-0.158844496
Dhanusa,3.31E-05,0.013621242,0.015706626,0.009863841,0.042258839,0.158142074,0.428089356,0.124253919,0.015383352,0.027510112,0.084391814,0.006058743,0.003675258,0.013944516,0.057067187,0.014,58.11,0.436,23.87,101,8.61E-05,0,0.000133814,0.000907553,0.000177536,1.19E-05,0.000278228,9.27E-06,1.32E-05,4.37E-05,0.237640552,-0.153565606
Dolakha,0,0.091977251,0.343042609,0.087244113,0.000305537,0.000310897,0.001559845,0.000112566,0.109644773,0.269681652,0.000246573,0.09379439,0,0.001624168,0.000455625,0.018,46.4,0.44,48.13,87,6.97E-05,5.36E-06,0,0.00073436,0.000879088,0.00055211,0.000954132,0.001323992,0.000112566,0.000230493,0.227302681,-0.162856687
Dolpa,0,0.017166213,0.515504087,0.134114441,0,0,0.000381471,0,0.197029973,0.129482289,0.000381471,0.002370572,0,0.001716621,0.001852861,0.04,55.78,0.541,17.64,99,5.45E-05,2.72E-05,0.000163488,0.00599455,0.00027248,0.000299728,0.001307902,0.000190736,2.72E-05,2.72E-05,0.33962459,-0.178130039
Doti,5.19E-05,0.080417104,0.617848743,0.203635488,0.000420315,0.000255023,0.012141906,0,0.036184863,0.004278711,0.000547826,0.005393254,0.000406147,0.036600455,0.001818216,0.052,52.32,0.576,23.31,85,8.03E-05,0.000420315,0.000118066,0.002488831,0.000136957,6.14E-05,0.000132234,0.001251499,1.89E-05,2.36E-05,0.432519165,-0.118780397
Gorkha,6.64E-05,0.152102294,0.1291997,0.162634979,7.38E-05,0.000206596,0.001313358,0.000431637,0.324974821,0.13738605,0.011274215,0.077672553,0.000129122,0.001663832,0.000870653,0.018,41.83,0.313,44.15,81,0.000121744,1.84E-05,2.95E-05,0.000730463,0.001597426,0.00032465,0.009473882,0.001368696,0.000114365,2.95E-05,0.196927008,-0.168850158
Gulmi,0.000217733,0.253130354,0.255821673,0.206871074,0,0.000124929,0.000831668,0.000328384,0.226456311,0.034908624,0.001538407,0.01769703,0,0.001424186,0.000649629,0.02,34.42,0.433,67.03,76,9.99E-05,8.21E-05,1.43E-05,0.007702741,0.003933467,0.000221302,0.002248715,0.000339092,0.000139206,0.000478298,0.225135283,-0.132542185
Humla,0,0.064316332,0.584018247,0.156946793,0,0,0.002752763,0,0.004876322,0.183157025,0.000216288,0.000511227,0,0.001926934,0.001278068,0.067,62.78,0.657,25.83,103,1.97E-05,0,0.000196626,0.009772307,0.000865154,0.000373589,0.000511227,0.000845491,1.97E-05,0.001238743,0.403429706,-0.12684793
Ilam,9.99E-05,0.138981719,0.144631943,0.054149125,0.000275621,0.000306628,0.002776878,0.000423767,0.516964452,0.094789391,0.000778628,0.036633431,0.001257519,0.005109318,0.002821667,0.003,26.54,0.461,67.97,95,0,3.45E-06,2.07E-05,0.000599475,0.000933665,0.000354862,0.000737285,0.000175708,1.38E-05,0.000175708,0.320790052,-0.151964824
Jajarkot,0,0.046181058,0.566886938,0.288247793,6.42E-05,0.001004063,0.001138327,0,0.091375566,0.000863961,0,0.001838836,0,0.001611171,0.000788073,0.031,53.08,0.513,25.25,100,0,0,2.34E-05,0.000980713,0.001412693,7.59E-05,0.000233503,5.84E-06,1.17E-05,0.000110914,0.414939428,-0.106506657
Jhapa,0.000110749,0.237847782,0.171364056,0.055203347,0.006093644,0.008067434,0.03207654,0.006142866,0.157701347,0.047166677,0.031990402,0.032769335,0.011058881,0.010512521,0.191894419,0.005,30.08,0.242,57.14,90,2.46E-06,4.92E-06,0.000183351,0.002479542,0.001284686,0.000163662,0.000791239,7.01E-05,3.94E-05,0.000167354,0.15640139,-0.112117317
Jumla,0,0.109473839,0.687626812,0.169636709,0,0,0.0098879,0,0.005912542,0.011825084,0.001019087,0.001854555,0,0.001661755,0.001101716,0.049,55.57,0.541,37.21,102,0,0,2.75E-05,0.001009906,0,0,2.75E-05,9.18E-06,9.18E-06,0,0.513872782,-0.139369174
Kailali,0.000109577,0.124091637,0.256349997,0.119112966,0.00168491,0.000840521,0.009213507,0.000648439,0.040573205,0.006628774,0.006352898,0.003944778,0.000876617,0.013713906,0.415858266,0.03,41.14,0.314,39.2,95,0.000167589,3.09E-05,0.000128914,0.002266314,0.000302949,0.000145673,0.000402213,0.000327442,2.32E-05,6.57E-05,0.270263804,-0.164979881
Kalikot,0,0.171086836,0.548945585,0.260529544,0,0,0.005994976,0,0.00414756,0.006089903,0.000197155,0.00028478,0,0.001942343,0.000781318,0.066,54.7,0.541,21.86,101,5.84E-05,0.000313988,0.000299384,0.001964249,0.000467331,0.000167947,0.000445425,3.65E-05,4.38E-05,0.000124135,0.398582336,-0.146058129
Kanchanpur,0.000352356,0.159635057,0.360154505,0.119049835,0.000742386,0.000374517,0.008868737,0.000104156,0.033668847,0.016764617,0.001021611,0.002555136,0.000485321,0.03850211,0.25772081,0.029,36.96,0.317,33.85,92,3.55E-05,1.11E-05,5.98E-05,0.001409425,7.76E-05,8.86E-05,7.76E-05,0.000115236,6.65E-06,2.22E-06,0.238771843,-0.15747902
Kapilbastu,0.000480823,0.085383679,0.053140561,0.026641093,0.01561888,0.096412885,0.262856334,0.081051027,0.039546383,0.003624531,0.181586751,0.003493398,0.005588038,0.020208555,0.124367062,0.032,52.9,0.487,21.78,100,0,3.50E-05,0.00012414,0.003052789,0.000403891,6.64E-05,0.000571742,0.000103158,5.42E-05,3.85E-05,0.146496169,-0.133860114
Kaski,0.000967287,0.2780625,0.168513182,0.150346069,0.000780332,0.000857553,0.010926685,0.000790493,0.282819682,0.035712399,0.008994143,0.04857569,0.001052636,0.005399331,0.006202017,0.003,21.43,0.229,87.47,92,6.91E-05,1.63E-05,0.000132088,0.000869745,0.006078058,0.001207077,0.00417803,0.001505798,0.000396263,0.006218274,0.21221325,-0.191120255
Kathmandu,0.000972343,0.235131633,0.21724304,0.02242352,0.003302871,0.001493487,0.019957116,0.001019928,0.115240449,0.120857795,0.012501147,0.219657845,0.009486653,0.007793079,0.012919094,0.005,15.96,0.32,93.77,110,6.42E-05,0.000590515,3.96E-05,0.001531899,0.000273472,0.000166262,0.000929918,0.000130716,9.75E-05,0.000293538,0.180008096,-0.197266325
Kavrepalanchok,3.93E-05,0.215339179,0.154012311,0.057781781,0.000282769,0.000212077,0.002526595,9.95E-05,0.054021998,0.376357881,0.000832598,0.132665859,0.000138766,0.004440523,0.001248897,0.007,37.23,0.217,71.2,92,0,0,0,0,0,0,0,0,0,0,0,-0.313640253
Khotang,0,0.072060762,0.232148397,0.107429524,0,0.000189034,0.003005157,0,0.464757261,0.062487882,0.000208422,0.054117065,0,0.002316879,0.001279615,0.015,38.02,0.336,18.14,89,2.91E-05,1.94E-05,0,0.000494397,0.001759471,0.000455621,0.000610726,0.000145411,0.000198728,0.000101788,0.293475553,-0.141274995
Lalitpur,0.001501713,0.130433297,0.199131869,0.024975862,0.004374834,0.0019973,0.021013304,0.001048849,0.103231567,0.149964113,0.006562252,0.332393427,0.003249084,0.005496313,0.014626217,0.005,20.32,0.162,83.69,103,0,0,0,0,0,0,0,0,0,0,0.20168732,-0.196009344
Lamjung,7.15E-05,0.127507095,0.177434356,0.179485345,0.000256374,0.000101357,0.001639598,0.000172903,0.379349407,0.087035845,0.00561637,0.037102621,0,0.002772412,0.001454771,0.013,36.38,0.322,56.19,83,0,5.96E-06,1.19E-05,0.000488898,0.001848275,0.000101357,0.001884048,0.001305717,0,0.000351768,0.23285796,-0.154071903
Mahottari,2.07E-05,0.018343478,0.020727238,0.011004175,0.062736225,0.15453966,0.378216323,0.077182192,0.026728067,0.023369132,0.133606871,0.007023806,0.001416552,0.004665541,0.080420026,0.011,62.96,0.436,17.11,98,1.75E-05,3.19E-06,0.000312311,0.001587049,0.000138628,3.19E-05,0.00011632,6.37E-06,1.27E-05,2.87E-05,0.203362002,-0.124314619
Makwanpur,0.00020453,0.140918528,0.114867163,0.040817928,0.001724232,0.000692071,0.011967361,0.00066591,0.074063504,0.541178233,0.004278474,0.061989122,0.00119626,0.002378251,0.003058431,0.027,38.21,0.251,48.05,97,2.62E-05,4.76E-06,6.90E-05,0.001586294,0.000494676,1.19E-05,0.000454246,0.001391277,0,0.000554133,0.337102435,-0.169053264
Manang,0,0.034567146,0.039920465,0.051391863,0,0,0,0,0.573722851,0.268736617,0,0.019424901,0,0.009788926,0.002447232,0.038,29.18,0.547,45.59,127,0,0,0,0.002141328,0,0.000917712,0.000611808,0.000152952,0,0,0.407286072,-0.230384626
Morang,0.000272434,0.130721899,0.129211598,0.039133182,0.009381895,0.071743477,0.084206056,0.052200711,0.136201664,0.038266157,0.047391156,0.031745341,0.01396563,0.02745683,0.188101971,0.01,35.09,0.315,46.49,94,9.63E-05,3.73E-05,0.000122233,0.002033417,0.001301056,0.000411241,0.001486477,0.000841128,0.000540725,0.00021339,0.109966201,-0.153980365
Mugu,0,0.052219368,0.654795066,0.136182759,0,0,0.002532287,0.00032558,0.001483196,0.08825019,0,0.002622725,0,0.060557827,0.001031002,0.047,60.75,0.502,24.38,103,0,0,0,0.007506421,0.000434106,3.62E-05,0.000560721,1.81E-05,5.43E-05,0,0.461501191,-0.118948655
Mustang,0,0.036723164,0.081400535,0.130240856,0,0,0,0,0.510110021,0.214391912,0,0.009812667,0,0.012488849,0.004831995,0.042,38.65,0.547,0,112,0,0,0,0.001932798,0.000892061,0.000520369,0.000743384,0.000297354,0,0.000371692,0.331389052,-0.210154059
Myagdi,0,0.080446318,0.194533663,0.245140398,0.000105596,0.000175993,0.002023917,0,0.449740851,0.002807085,0.001583935,0.013762638,0,0.002983078,0.006696527,0.027,34.84,0.475,0,83,2.64E-05,8.80E-06,3.52E-05,0.000835966,0.000651173,0.000140794,0.00049278,2.64E-05,2.64E-05,3.52E-05,0.306933283,-0.122334613
Nawalparasi,0.000116549,0.174914686,0.081795409,0.067273445,0.003372141,0.062078482,0.102668498,0.039917142,0.207147386,0.03776643,0.037555089,0.019454304,0.000689968,0.013180877,0.152069594,0.013,36.25,0.389,47.57,89,2.80E-05,4.66E-06,0.000153844,0.00013675,0.000402481,0.000265731,0.000295257,7.46E-05,1.09E-05,1.55E-05,0.127235245,-0.159664844
Nuwakot,0,0.189439617,0.135347478,0.067217835,0.000115327,5.05E-05,0.002778669,0.000151367,0.076476461,0.446399804,0.001290225,0.074440212,6.49E-05,0.005643833,0.000583845,0.013,49.41,0.371,31.15,92,2.52E-05,2.16E-05,1.44E-05,0.002176804,0.000288318,6.49E-05,0.000172991,2.16E-05,1.44E-05,1.44E-05,0.269428947,-0.163561692
Okhaldhunga,0,0.106038491,0.235816034,0.103321981,0,0.000236512,0.007683263,0.003378744,0.335448427,0.134724024,0.000175695,0.065439507,0.00013515,0.002817872,0.004784301,0.012,43.86,0.567,52.2,87,6.76E-06,0,2.70E-05,0.000385177,0.00422343,0.000175695,0.01196751,0.003730133,0.000121635,0.001770462,0.212588717,-0.155453452
Palpa,0.000191439,0.174622865,0.095095337,0.120173826,8.42E-05,0.000229727,0.001520025,4.59E-05,0.532781989,0.030289456,0.004709396,0.034577686,4.21E-05,0.003587564,0.002048396,0.018,29.18,0.359,0,80,0.000704495,0.000352247,9.19E-05,0.000436481,0.014346428,0.000168466,0.00497741,0.002251321,0.00015698,0.000417337,0.339989388,-0.154790496
Panchthar,0,0.107362747,0.103729075,0.060807958,0.000161612,0.000265878,0.001970628,0.000166826,0.620753114,0.084080139,0.000286732,0.014300088,0.000344078,0.004097656,0.00167347,0.005,33.09,0.569,62.9,89,2.61E-05,0.000218959,0.000234599,0.001131287,0.000291945,4.69E-05,0.000427491,5.21E-06,3.65E-05,4.17E-05,0.418616278,-0.143979744
Parbat,0,0.357254929,0.212258681,0.234490757,0,0.000109148,0.000948223,0,0.155085613,0.008677263,0.004236305,0.023828365,0,0.001548537,0.00156218,0.008,32.43,0.262,75.35,80,8.19E-05,0.009946108,0.00276963,0.007913227,0.001937376,8.87E-05,0.001002797,0.00011597,0.000184187,6.82E-05,0.252389075,-0.168546085
Parsa,0.000134772,0.026350336,0.038280115,0.005710321,0.026327042,0.120806899,0.380964266,0.076162571,0.015894725,0.025247206,0.145107376,0.016508684,0.011873208,0.012911448,0.09772103,0.025,51.31,0.372,25.49,108,0,0,0,0,0,0,0,0,0,0,0.200490091,-0.214177502
Pyuthan,7.89E-05,0.098587474,0.294030741,0.215986708,0.000214816,0,0.00019728,0.000254272,0.347099105,0.017281742,0.002691778,0.016812654,7.89E-05,0.001012705,0.005672901,0.028,41.99,0.484,21.03,78,0,0,4.38E-06,0.001030241,0.001012705,5.26E-05,0.000135904,0.000464704,0,0,0.263923552,-0.090587528
Ramechhap,0,0.048458889,0.277029894,0.087008873,0.000281279,0.000207258,0.001993624,8.39E-05,0.149625455,0.286233136,0.000162846,0.144967085,5.92E-05,0.003158217,0.000730338,0.018,47.9,0.444,31.27,85,1.48E-05,0,1.48E-05,0.00060697,0.000759946,5.43E-05,0.003089131,0.00016778,4.93E-05,9.87E-05,0.212011652,-0.173666433
Rasuwa,0,0.150692841,0.02630485,0.030669746,0.000692841,0,0.001639723,0,0.04743649,0.713441109,0,0.023371824,0,0.0047806,0.000969977,0.024,58.68,0.45,41.89,98,0,0,0,0.002170901,0.00034642,2.31E-05,0.000138568,4.62E-05,2.31E-05,4.62E-05,0.536162552,-0.149205495
Rautahat,0.000643637,0.026295939,0.019183891,0.005380634,0.02360635,0.124191449,0.415593209,0.086851739,0.013366399,0.029056882,0.197341865,0.003727855,0.002079444,0.004600115,0.048080592,0.029,66.11,0.397,17.58,105,0.000149988,3.35E-05,0.000117952,0.001425613,5.82E-05,1.60E-05,0.000161637,4.95E-05,2.33E-05,2.77E-05,0.23964848,-0.122157783
Rolpa,0,0.01173688,0.37031527,0.16664588,6.68E-05,0.000111356,0.000293979,0,0.438705424,0.000935387,0.000962112,0.002476549,0,0.006213642,0.001536707,0.018,49.26,0.513,20.41,85,0,0,1.78E-05,0.001362993,0.000556778,2.67E-05,0.000267253,4.01E-05,3.12E-05,4.90E-05,0.35755346,-0.119871594
Rukum,0,0.03313084,0.503560007,0.211922308,9.59E-05,0.000139044,0.000805497,0,0.24363394,0.000781523,0.000604122,0.002824033,0,0.001980179,0.000522614,0.019,49.19,0.513,20.32,91,0.001006871,4.79E-05,0.000139044,0.003509664,0.002435668,0.000254115,0.000680836,0.000604122,7.67E-05,0.000230142,0.358952717,-0.129973173
Rupandehi,0.000653264,0.159338375,0.082774746,0.048173361,0.00881849,0.073141664,0.170424542,0.101337657,0.131747929,0.00860831,0.082331662,0.021356607,0.004435376,0.009753509,0.097104509,0.014,35.61,0.377,48.74,96,0,0,0,0,0,0,0,0,0,0,0.113513106,-0.138702028
Salyan,0,0.026076125,0.640519048,0.169800036,4.54E-05,0,0.000379469,0,0.152340334,0.001497253,0.00110541,0.005733283,0,0.001814852,0.000688819,0.021,44.5,0.541,16.37,92,8.25E-06,0,1.24E-05,0.003031628,0.001546749,4.54E-05,0.000284602,4.54E-05,1.65E-05,1.24E-05,0.463024493,-0.146404953
Sankhuwasabha,0,0.053413715,0.190768669,0.082410452,0.001442592,0.000163788,0.001329201,0.000258281,0.476912222,0.141040178,0.000258281,0.047479558,0.000522861,0.002941881,0.001058321,0.012,36.84,0.474,53.39,90,1.26E-05,6.30E-06,1.26E-05,0.000648852,0.001127616,0.000220484,0.000774842,0.000346474,0.000144889,8.82E-05,0.295643157,-0.162700492
Saptari,0.000259666,0.013048974,0.015606522,0.010217681,0.022752016,0.22983056,0.347784396,0.037410603,0.011639584,0.009776563,0.089389067,0.004195319,0.004519118,0.021957377,0.181612554,0.036,54.56,0.334,19.01,96,2.50E-05,0,5.94E-05,0.001349948,0.000137654,9.39E-06,0.00039732,1.25E-05,2.66E-05,6.26E-06,0.217936324,-0.133145237
Sarlahi,3.38E-05,0.035774929,0.04252016,0.0140504,0.030556209,0.126584811,0.435826115,0.076148878,0.025349181,0.072073418,0.078929078,0.009551414,0.003955938,0.003614259,0.045031433,0.011,62,0.377,17.47,103,7.79E-06,6.24E-05,0.000193575,0.002528163,3.25E-05,6.50E-06,6.50E-05,6.89E-05,2.60E-05,5.20E-06,0.230200405,-0.14613871
Sindhuli,0,0.0779123,0.147944576,0.112497974,0.002123623,0.00684691,0.008717318,0.000229581,0.176797483,0.400966265,0.000604338,0.062803857,0,0.001242437,0.001313337,0.036,48.92,0.363,21.01,92,4.73E-05,2.70E-05,0.000243086,0.001131023,0.000276847,4.39E-05,0.000270095,5.74E-05,2.36E-05,4.05E-05,0.236720407,-0.158168633
Sindhupalchok,0.000799172,0.103284248,0.220717309,0.07338133,0.00014941,6.25E-05,0.001761652,0.000145936,0.064378488,0.421656857,0.000132037,0.111109181,0,0.001587919,0.000833918,0.017,50.49,0.466,33.85,93,3.47E-06,3.47E-06,1.39E-05,0.00188674,0.000569844,7.64E-05,0.000211954,0.00014941,3.13E-05,5.56E-05,0.259059954,-0.17252853
Siraha,3.14E-05,0.009420581,0.013266324,0.009630834,0.011204592,0.210340672,0.464627319,0.054874413,0.015696784,0.033497665,0.074867258,0.005341049,0.004125035,0.012193094,0.080882999,0.027,60.04,0.397,18.47,95,3.92E-05,0,0.000106695,0.000541323,0.0001977,8.94E-05,0.000359313,0.0001318,9.89E-05,0.0001318,0.277325848,-0.115255793
Solukhumbu,0,0.046200631,0.158028446,0.077319003,0.000368321,0.000226659,0.006185898,0,0.54342406,0.138837996,0.000122774,0.024488601,0.000151106,0.002984342,0.001662165,0.019,42.49,0.476,39.64,94,1.89E-05,2.83E-05,0,0.004193189,0.000273879,8.50E-05,0.000651644,0.002124927,9.44E-06,0.000132218,0.348321265,-0.177471511
Sunsari,0.000141456,0.079912297,0.099948002,0.036060863,0.008461179,0.078015736,0.14639411,0.016701005,0.147538858,0.036211488,0.115487232,0.038036011,0.009921583,0.011438309,0.175731872,0.006,37.12,0.294,51.33,95,2.62E-06,0,6.68E-05,0.000373287,5.24E-05,3.93E-06,0.000280293,1.05E-05,3.93E-06,3.93E-06,0.114518179,-0.15346292
Surkhet,3.99E-05,0.115278047,0.380622798,0.258041527,0.000242301,0.000139679,0.001718909,3.14E-05,0.203629377,0.007460006,0.005202335,0.005436084,0.000136829,0.002317533,0.01970331,0.026,33,0.579,36.53,93,2.28E-05,1.14E-05,2.57E-05,0.00690414,0.000564418,7.70E-05,0.000444693,0.000313565,2.57E-05,0.000111173,0.266722008,-0.138308178
Syangja,4.50E-05,0.308807254,0.145541384,0.158669609,0.000491098,8.30E-05,0.001407584,0,0.330014387,0.010600108,0.006868455,0.033322036,4.84E-05,0.002856669,0.001245037,0.007,29.63,0.391,68.4,77,6.92E-06,0.0002663,3.46E-05,0.003330474,0.001905599,0.000383886,0.001352249,0.000200589,4.50E-05,0.000152171,0.251911596,-0.157413192
Tanahu,3.71E-05,0.118723862,0.1462968,0.161465937,0.000238178,0.000300042,0.003455124,0.00035572,0.42843842,0.046039445,0.012901809,0.076786024,0.000241271,0.003229319,0.001490931,0.011,31.68,0.473,56.63,80,3.09E-05,1.86E-05,3.09E-05,0.000612457,0.000411398,7.42E-05,0.000417584,0.000126822,6.19E-05,0.000136102,0.253335941,-0.17023165
Taplejung,0,0.077796346,0.127693961,0.071166867,0,0.000156911,0.001357278,0.000125529,0.621327308,0.078769192,0,0.015918595,0,0.004244436,0.001443579,0.017,34.28,0.385,53.82,90,0,0,0,0.000604106,0.002165368,0.001145448,0.000360895,0.00058057,0.000196138,9.41E-05,0.419950335,-0.127369314
Terhathum,0,0.133219134,0.206572354,0.092944269,0.000354411,0,0.001073078,0.000226429,0.463018203,0.0698288,0.000305187,0.028923871,0,0.0025301,0.001004164,0.007,30.64,0.634,58.13,87,9.84E-06,1.97E-05,3.94E-05,0.000531616,0.001506246,2.95E-05,0.000443014,0.000108292,9.84E-05,2.95E-05,0.289165451,-0.151037746
Udayapur,0,0.059902624,0.228153383,0.106584533,0.001209327,0.013315193,0.020473527,0.000784173,0.328370054,0.11873449,0.006824509,0.034443773,0.000462945,0.002012396,0.078729073,0.019,39.3,0.3,25.7,89,1.89E-05,0,3.78E-05,0.001451822,0.0004409,0.000125972,0.000289735,0.000163763,2.52E-05,3.46E-05,0.19696134,-0.138187052
Achham,0,0.102036298,0.581749049,0.135157703,0.00010098,0,0.004920828,0,0.006921007,0.002637129,0.000998147,0.000493248,0.001743845,0.162239734,0.001002031,0.047,54.92,0.592,19.08,87,1.55E-05,0.003359523,5.44E-05,0.00274976,0.001207875,0.00015147,0.001479744,0.000419455,1.94E-05,0.000139818,0.393517063,-0.103936926
Arghakhanchi,0,0.327664548,0.193248057,0.209019794,0.001603991,6.58E-05,0.001057521,0,0.193349255,0.034726158,0.008971219,0.027971179,0,0.00113848,0.001184019,0.024,34.43,0.31,46.2,77,5.06E-06,0,2.02E-05,0.00333448,0.001932885,0.000161917,0.001350996,0.000101198,3.54E-05,0.000333954,0.227857246,-0.141927848
Baglung,4.47E-05,0.195385182,0.205600622,0.26323,0.001165245,0,0.000926984,0,0.308175703,0.009563945,0.002762338,0.010721745,0,0.001786957,0.000636604,0.018,34.46,0.429,59.32,78,3.72E-06,2.61E-05,1.12E-05,0.001708778,0.00221136,0.000167527,0.001124294,0.000320163,0.000376006,0.000483968,0.244929155,-0.136956571
Baitadi,5.18E-05,0.185497692,0.603898796,0.083153313,0.001610216,0.000127542,0.052499422,0,0.003870099,0.000617781,8.37E-05,0.000482268,0.000135513,0.066975424,0.000996421,0.046,45.15,0.592,25.59,88,2.39E-05,0,3.19E-05,0.002064584,0.00052611,5.98E-05,0.000514153,1.99E-05,0.00017537,0.000103628,0.413278741,-0.13316896
Bajhang,7.69E-05,0.101952767,0.726489683,0.11310265,0.000497031,0.000102481,0.000276697,0,0.002054735,0.001393735,0,0.000912077,0.000261325,0.052198464,0.000681496,0.063,54.97,0.632,14.03,91,6.66E-05,1.54E-05,2.56E-05,0.000988937,0.001260511,0.000174217,0.000855713,0.000133225,3.59E-05,0.000230581,0.553706384,-0.115302922
Bajura,0,0.07001601,0.653892908,0.203199122,0.000103771,0.000111184,0.040522711,0.000689338,0.003142789,0.014520576,0.000741224,0.000452147,0.000318726,0.010436433,0.00185306,0.082,55.48,0.508,10.57,95,0,2.22E-05,7.41E-06,0.002134725,0.000148245,0,0.000259428,7.41E-06,0,0,0.475744581,-0.134416307
Banke,0.000578043,0.066468829,0.194220385,0.067950573,0.01539141,0.043589321,0.125246024,0.022515179,0.06686776,0.006443957,0.18989524,0.012912339,0.005084335,0.024819209,0.158017394,0.024,43.69,0.448,35.97,99,2.85E-05,1.83E-05,0.000107874,0.002564557,0.0001669,1.83E-05,0.000134334,2.04E-05,1.63E-05,2.04E-05,0.131438795,-0.126749117
Bara,7.27E-05,0.043175301,0.035685204,0.005963287,0.010929057,0.111857067,0.362694632,0.078235239,0.015726151,0.053627412,0.130628115,0.008416363,0.001423569,0.006693248,0.134872649,0.025,56.75,0.396,19.06,104,2.91E-06,1.45E-06,6.25E-05,0.001529719,0.000238473,3.64E-05,0.000250106,0.000199212,4.94E-05,2.62E-05,0.191967912,-0.127234809
Bardiya,6.80E-05,0.087159146,0.145176944,0.08406005,0.003185833,0.013683376,0.032378755,0.020528581,0.038023705,0.005994243,0.025955516,0.005623851,0.000743127,0.005973144,0.531445745,0.025,43.46,0.506,39.16,93,1.41E-05,7.03E-06,0.000192228,0.004334515,0.00045244,0.000107835,0.000363358,0.000363358,6.33E-05,0.000103147,0.322064209,-0.161341249
Bhaktapur,0.000131298,0.142303816,0.214602939,0.017259093,0.001834886,0.00041687,0.007917256,0.000331527,0.047585598,0.093717073,0.004943361,0.455842915,0.000679466,0.00604298,0.006390919,0.01,21.87,0.269,87.1,103,9.85E-06,3.28E-05,6.56E-06,0.000525191,0.000210076,0.000354504,0.000344657,4.60E-05,3.61E-05,4.60E-05,0.285611327,-0.186765338
Bhojpur,7.67E-05,0.061865953,0.208024817,0.098175481,0.000263073,0.000115094,0.001627763,0.000279515,0.435906149,0.109745203,0.000104133,0.08036326,0,0.002526595,0.000926235,0.014,36.91,0.455,36.8,89,1.64E-05,0,1.10E-05,0.000728931,0.000345283,1.64E-05,0.000202785,0.000460377,0,3.84E-05,0.265266648,-0.165183769
Chitawan,0.000215523,0.285614776,0.126034511,0.084391983,0.001234517,0.002317305,0.016619424,0.001760393,0.146547146,0.158440578,0.011689978,0.052166956,0.001239689,0.002082816,0.109644404,0.005,27.77,0.42,83.08,93,3.10E-05,4.83E-05,8.62E-05,0.001798325,0.002989738,0.000832782,0.005105313,0.000427598,0.000956923,0.001210378,0.166334049,-0.158987089
Dadeldhura,0,0.158184019,0.578968852,0.188586429,0.00020409,0.000161865,0.01837516,0,0.039143102,0.002871339,0.000260391,0.008818106,0,0.003251369,0.001175278,0.045,42.74,0.486,43.08,88,0.000365955,8.45E-05,0.000154827,0.008557715,0.005482286,0.000612271,0.002716512,0.001090827,0.000168902,0.000394105,0.397759877,-0.138361845
Dailekh,0,0.108824541,0.504759904,0.269117928,0,0,0.000546281,0,0.105623257,0.003006456,0.001753448,0.00311724,4.20E-05,0.002681744,0.00052718,0.031,47.7,0.456,19.86,94,1.15E-05,4.58E-05,1.53E-05,0.002750506,0.000733468,0.000118425,0.00025213,0.000133705,3.82E-06,7.26E-05,0.350235673,-0.121480723
Dang,7.60E-05,0.102455197,0.284663118,0.114116793,0.000378224,0.001847686,0.020136342,0.000689489,0.141021349,0.018022632,0.008644855,0.008319112,0.000164681,0.004216561,0.295247954,0.02,37.59,0.393,44.11,90,0,0,2.35E-05,0.002533556,0.000899412,6.15E-05,0.000624341,0.000195446,2.53E-05,4.52E-05,0.212507249,-0.127831205
Darchula,0.000750334,0.167084353,0.706424359,0.067792668,0,0,0.01287573,0,0.002281015,0.008996503,0.000232604,0.00038267,0,0.032767081,0.000412684,0.059,41.8,0.478,16.43,91,0,0,0,0,0,0,0,0,0,0,0,-0.313640253
Dhading,0,0.149809413,0.166701878,0.116179214,0.000238048,0.00022317,0.003174962,0.000160682,0.160569172,0.30354959,0.003076767,0.093990186,0,0.001362823,0.000964093,0.012,46.74,0.263,51.43,89,3.87E-05,8.93E-06,4.46E-05,0.003064865,0.000996825,0.000312438,0.000779606,0.000437413,9.82E-05,9.52E-05,0.19051142,-0.143342126
Dhankuta,7.34E-05,0.05414535,0.213754192,0.073293271,0.000501799,0.000483441,0.003127065,0.000336573,0.529000318,0.071126967,0.00098524,0.046710156,0.000556875,0.003273933,0.002631386,0.008,31.41,0.449,48.64,88,6.12E-06,0,0,0.001009718,0.000348812,6.73E-05,0.000354931,4.90E-05,3.06E-05,6.12E-06,0.341106004,-0.143854998
Dhanusa,3.31E-05,0.013621242,0.015706626,0.009863841,0.042258839,0.158142074,0.428089356,0.124253919,0.015383352,0.027510112,0.084391814,0.006058743,0.003675258,0.013944516,0.057067187,0.014,58.11,0.436,23.87,101,2.65E-06,1.32E-06,0.000400118,0.000744591,5.83E-05,1.32E-06,0.000102017,2.65E-06,1.99E-05,5.96E-05,0.237640552,-0.111754113
Dolakha,0,0.091977251,0.343042609,0.087244113,0.000305537,0.000310897,0.001559845,0.000112566,0.109644773,0.269681652,0.000246573,0.09379439,0,0.001624168,0.000455625,0.018,46.4,0.44,48.13,87,0,1.07E-05,1.61E-05,0.00293208,0.000434184,0.000423463,0.000343059,0.000423463,0.000209051,0.000343059,0.227302681,-0.158090203
Dolpa,0,0.017166213,0.515504087,0.134114441,0,0,0.000381471,0,0.197029973,0.129482289,0.000381471,0.002370572,0,0.001716621,0.001852861,0.04,55.78,0.541,17.64,99,0,0,0,0.002043597,0.000517711,0.000735695,0.000490463,0,0,0,0.33962459,-0.144097988
Doti,5.19E-05,0.080417104,0.617848743,0.203635488,0.000420315,0.000255023,0.012141906,0,0.036184863,0.004278711,0.000547826,0.005393254,0.000406147,0.036600455,0.001818216,0.052,52.32,0.576,23.31,85,9.45E-06,4.72E-05,9.45E-06,0.001567916,0.000604498,7.08E-05,0.000420315,8.97E-05,3.31E-05,0.000103898,0.432519165,-0.111652008
Gorkha,6.64E-05,0.152102294,0.1291997,0.162634979,7.38E-05,0.000206596,0.001313358,0.000431637,0.324974821,0.13738605,0.011274215,0.077672553,0.000129122,0.001663832,0.000870653,0.018,41.83,0.313,44.15,81,1.11E-05,6.27E-05,4.43E-05,0.000793179,0.002006928,0.000166014,0.010488414,0.001324425,2.21E-05,0.000110676,0.196927008,-0.16631403
Gulmi,0.000217733,0.253130354,0.255821673,0.206871074,0,0.000124929,0.000831668,0.000328384,0.226456311,0.034908624,0.001538407,0.01769703,0,0.001424186,0.000649629,0.02,34.42,0.433,67.03,76,1.43E-05,3.57E-06,7.14E-06,0.002387921,0.003080383,0.000289121,0.002623501,0.000303398,0.000189178,0.000392633,0.225135283,-0.1405511
Humla,0,0.064316332,0.584018247,0.156946793,0,0,0.002752763,0,0.004876322,0.183157025,0.000216288,0.000511227,0,0.001926934,0.001278068,0.067,62.78,0.657,25.83,103,0.000334264,0.004699359,0.001926934,0.008081324,0.000216288,5.90E-05,0.000904479,0.000314601,0,5.90E-05,0.403429706,-0.108117951
Ilam,9.99E-05,0.138981719,0.144631943,0.054149125,0.000275621,0.000306628,0.002776878,0.000423767,0.516964452,0.094789391,0.000778628,0.036633431,0.001257519,0.005109318,0.002821667,0.003,26.54,0.461,67.97,95,0.000124029,0,1.03E-05,0.000365197,0.001016351,0.000103358,0.000654599,0.000158482,8.96E-05,0.00026184,0.320790052,-0.150895126
Jajarkot,0,0.046181058,0.566886938,0.288247793,6.42E-05,0.001004063,0.001138327,0,0.091375566,0.000863961,0,0.001838836,0,0.001611171,0.000788073,0.031,53.08,0.513,25.25,100,8.17E-05,7.59E-05,4.67E-05,0.001220053,0.000869799,0.00016929,0.000274366,5.25E-05,5.25E-05,7.01E-05,0.414939428,-0.099115225
Jhapa,0.000110749,0.237847782,0.171364056,0.055203347,0.006093644,0.008067434,0.03207654,0.006142866,0.157701347,0.047166677,0.031990402,0.032769335,0.011058881,0.010512521,0.191894419,0.005,30.08,0.242,57.14,90,8.61E-06,5.05E-05,0.000216575,0.003562419,0.000878607,5.91E-05,0.000855227,2.83E-05,1.85E-05,7.75E-05,0.15640139,-0.104176736
Jumla,0,0.109473839,0.687626812,0.169636709,0,0,0.0098879,0,0.005912542,0.011825084,0.001019087,0.001854555,0,0.001661755,0.001101716,0.049,55.57,0.541,37.21,102,0,0,0,0.001496497,0.000174438,0,2.75E-05,0,1.84E-05,0,0.513872782,-0.101270936
Kailali,0.000109577,0.124091637,0.256349997,0.119112966,0.00168491,0.000840521,0.009213507,0.000648439,0.040573205,0.006628774,0.006352898,0.003944778,0.000876617,0.013713906,0.415858266,0.03,41.14,0.314,39.2,95,0.000132782,3.74E-05,0.000149541,0.001840897,0.000488585,0.000269431,0.001156361,0.000505344,0.000183058,0.000193371,0.270263804,-0.15805147
Kalikot,0,0.171086836,0.548945585,0.260529544,0,0,0.005994976,0,0.00414756,0.006089903,0.000197155,0.00028478,0,0.001942343,0.000781318,0.066,54.7,0.541,21.86,101,0,3.65E-05,8.76E-05,0.002168706,0.000401612,0.000153343,0.000189853,5.84E-05,0,1.46E-05,0.398582336,-0.108292903
Kanchanpur,0.000352356,0.159635057,0.360154505,0.119049835,0.000742386,0.000374517,0.008868737,0.000104156,0.033668847,0.016764617,0.001021611,0.002555136,0.000485321,0.03850211,0.25772081,0.029,36.96,0.317,33.85,92,0,6.65E-06,5.76E-05,0.001267596,0.000128532,8.86E-05,0.000137397,3.10E-05,1.55E-05,2.88E-05,0.238771843,-0.146451041
Kapilbastu,0.000480823,0.085383679,0.053140561,0.026641093,0.01561888,0.096412885,0.262856334,0.081051027,0.039546383,0.003624531,0.181586751,0.003493398,0.005588038,0.020208555,0.124367062,0.032,52.9,0.487,21.78,100,0,0,8.04E-05,0.002050929,0.00038291,5.07E-05,0.000545516,2.62E-05,2.45E-05,2.62E-05,0.146496169,-0.111706547
Kaski,0.000967287,0.2780625,0.168513182,0.150346069,0.000780332,0.000857553,0.010926685,0.000790493,0.282819682,0.035712399,0.008994143,0.04857569,0.001052636,0.005399331,0.006202017,0.003,21.43,0.229,87.47,92,0.000483644,0.00014428,4.06E-05,0.002019923,0.009085589,0.001156274,0.005210344,0.003413954,0.000613699,0.005547675,0.21221325,-0.161413621
Kathmandu,0.000972343,0.235131633,0.21724304,0.02242352,0.003302871,0.001493487,0.019957116,0.001019928,0.115240449,0.120857795,0.012501147,0.219657845,0.009486653,0.007793079,0.012919094,0.005,15.96,0.32,93.77,110,5.27E-05,0.000139316,8.03E-06,0.001457942,0.003066092,0.000448333,0.001809957,0.000940811,4.99E-05,0.00054981,0.180008096,-0.178788273
Kavrepalanchok,3.93E-05,0.215339179,0.154012311,0.057781781,0.000282769,0.000212077,0.002526595,9.95E-05,0.054021998,0.376357881,0.000832598,0.132665859,0.000138766,0.004440523,0.001248897,0.007,37.23,0.217,71.2,92,0,0,0,0,0,0,0,0,0,0,0,-0.313640253
Khotang,0,0.072060762,0.232148397,0.107429524,0,0.000189034,0.003005157,0,0.464757261,0.062487882,0.000208422,0.054117065,0,0.002316879,0.001279615,0.015,38.02,0.336,18.14,89,3.88E-05,4.85E-06,0,0.000882159,0.000591337,0.00022781,0.000775524,7.27E-05,1.94E-05,7.76E-05,0.293475553,-0.151964901
Lalitpur,0.001501713,0.130433297,0.199131869,0.024975862,0.004374834,0.0019973,0.021013304,0.001048849,0.103231567,0.149964113,0.006562252,0.332393427,0.003249084,0.005496313,0.014626217,0.005,20.32,0.162,83.69,103,0,0,0,0,0,0,0,0,0,0,0.20168732,-0.173415709
Lamjung,7.15E-05,0.127507095,0.177434356,0.179485345,0.000256374,0.000101357,0.001639598,0.000172903,0.379349407,0.087035845,0.00561637,0.037102621,0,0.002772412,0.001454771,0.013,36.38,0.322,56.19,83,0,2.38E-05,5.96E-06,0.000769121,0.002665093,0.000220601,0.001764804,0.001186473,1.19E-05,0.000125206,0.23285796,-0.159672019
Mahottari,2.07E-05,0.018343478,0.020727238,0.011004175,0.062736225,0.15453966,0.378216323,0.077182192,0.026728067,0.023369132,0.133606871,0.007023806,0.001416552,0.004665541,0.080420026,0.011,62.96,0.436,17.11,98,0,3.19E-05,8.76E-05,0.002957392,0.000368081,9.08E-05,0.000380828,1.12E-05,3.03E-05,7.01E-05,0.203362002,-0.127628207
Makwanpur,0.00020453,0.140918528,0.114867163,0.040817928,0.001724232,0.000692071,0.011967361,0.00066591,0.074063504,0.541178233,0.004278474,0.061989122,0.00119626,0.002378251,0.003058431,0.027,38.21,0.251,48.05,97,5.71E-05,6.42E-05,1.66E-05,0.001940653,0.000782445,0.000133182,0.000663532,0.001348469,7.85E-05,0.000411437,0.337102435,-0.156437056
Manang,0,0.034567146,0.039920465,0.051391863,0,0,0,0,0.573722851,0.268736617,0,0.019424901,0,0.009788926,0.002447232,0.038,29.18,0.547,45.59,127,0,0,0,0.002600184,0.000611808,0,0.000152952,0,0,0.000152952,0.407286072,-0.250121952
Morang,0.000272434,0.130721899,0.129211598,0.039133182,0.009381895,0.071743477,0.084206056,0.052200711,0.136201664,0.038266157,0.047391156,0.031745341,0.01396563,0.02745683,0.188101971,0.01,35.09,0.315,46.49,94,0.000210282,2.18E-05,7.98E-05,0.000993401,0.001655324,0.001598351,0.002236448,0.001548629,0.001408786,0.000117054,0.109966201,-0.135944409
Mugu,0,0.052219368,0.654795066,0.136182759,0,0,0.002532287,0.00032558,0.001483196,0.08825019,0,0.002622725,0,0.060557827,0.001031002,0.047,60.75,0.502,24.38,103,0,0,0,0.000922476,0,0,0.000108527,9.04E-05,0,1.81E-05,0.461501191,-0.153804435
Mustang,0,0.036723164,0.081400535,0.130240856,0,0,0,0,0.510110021,0.214391912,0,0.009812667,0,0.012488849,0.004831995,0.042,38.65,0.547,0,112,0,0,0,0.005203687,0.001040737,0.000148677,0.000594707,0.00044603,0.00044603,0,0.331389052,-0.183352298
Myagdi,0,0.080446318,0.194533663,0.245140398,0.000105596,0.000175993,0.002023917,0,0.449740851,0.002807085,0.001583935,0.013762638,0,0.002983078,0.006696527,0.027,34.84,0.475,0,83,1.76E-05,2.64E-05,4.40E-05,0.000369585,0.001531138,0.000114395,0.000668773,0.000175993,8.80E-05,0.000175993,0.306933283,-0.144886904
Nawalparasi,0.000116549,0.174914686,0.081795409,0.067273445,0.003372141,0.062078482,0.102668498,0.039917142,0.207147386,0.03776643,0.037555089,0.019454304,0.000689968,0.013180877,0.152069594,0.013,36.25,0.389,47.57,89,6.22E-06,1.40E-05,0.00013675,7.61E-05,0.000419575,0.000111887,0.000212896,9.01E-05,1.55E-05,7.15E-05,0.127235245,-0.144933791
Nuwakot,0,0.189439617,0.135347478,0.067217835,0.000115327,5.05E-05,0.002778669,0.000151367,0.076476461,0.446399804,0.001290225,0.074440212,6.49E-05,0.005643833,0.000583845,0.013,49.41,0.371,31.15,92,1.80E-05,0.000212635,5.77E-05,0.00107759,0.00035319,0.000133347,0.000472121,0.000129743,3.24E-05,5.05E-05,0.269428947,-0.173204083
Okhaldhunga,0,0.106038491,0.235816034,0.103321981,0,0.000236512,0.007683263,0.003378744,0.335448427,0.134724024,0.000175695,0.065439507,0.00013515,0.002817872,0.004784301,0.012,43.86,0.567,52.2,87,6.76E-06,0,8.11E-05,0.00018921,0.00376392,6.76E-06,0.006007406,0.003074657,6.76E-06,0.002588118,0.212588717,-0.172084945
Palpa,0.000191439,0.174622865,0.095095337,0.120173826,8.42E-05,0.000229727,0.001520025,4.59E-05,0.532781989,0.030289456,0.004709396,0.034577686,4.21E-05,0.003587564,0.002048396,0.018,29.18,0.359,0,80,0.001160119,0.000612604,0.000134007,0.000685351,0.018523624,0.001435791,0.008143809,0.004621334,0.001929704,0.001462593,0.339989388,-0.155781642
Panchthar,0,0.107362747,0.103729075,0.060807958,0.000161612,0.000265878,0.001970628,0.000166826,0.620753114,0.084080139,0.000286732,0.014300088,0.000344078,0.004097656,0.00167347,0.005,33.09,0.569,62.9,89,5.21E-06,0,1.04E-05,0.00055261,0.000140759,1.04E-05,0.000151186,6.78E-05,5.21E-06,3.13E-05,0.418616278,-0.13256358
Parbat,0,0.357254929,0.212258681,0.234490757,0,0.000109148,0.000948223,0,0.155085613,0.008677263,0.004236305,0.023828365,0,0.001548537,0.00156218,0.008,32.43,0.262,75.35,80,0,3.41E-05,7.50E-05,0.000225118,0.002019237,6.82E-05,0.000341087,6.82E-05,7.50E-05,6.14E-05,0.252389075,-0.160426018
Parsa,0.000134772,0.026350336,0.038280115,0.005710321,0.026327042,0.120806899,0.380964266,0.076162571,0.015894725,0.025247206,0.145107376,0.016508684,0.011873208,0.012911448,0.09772103,0.025,51.31,0.372,25.49,108,0,0,0,0,0,0,0,0,0,0,0.200490091,-0.231959156
Pyuthan,7.89E-05,0.098587474,0.294030741,0.215986708,0.000214816,0,0.00019728,0.000254272,0.347099105,0.017281742,0.002691778,0.016812654,7.89E-05,0.001012705,0.005672901,0.028,41.99,0.484,21.03,78,4.38E-05,0,1.75E-05,0.000938177,0.001999106,2.19E-05,0.000179744,0.00026304,4.38E-06,0,0.263923552,-0.105594626
Ramechhap,0,0.048458889,0.277029894,0.087008873,0.000281279,0.000207258,0.001993624,8.39E-05,0.149625455,0.286233136,0.000162846,0.144967085,5.92E-05,0.003158217,0.000730338,0.018,47.9,0.444,31.27,85,1.97E-05,2.47E-05,4.93E-06,0.000473733,0.00121394,8.39E-05,0.001115245,0.000148041,0.000217127,0.000296083,0.212011652,-0.176414271
Rasuwa,0,0.150692841,0.02630485,0.030669746,0.000692841,0,0.001639723,0,0.04743649,0.713441109,0,0.023371824,0,0.0047806,0.000969977,0.024,58.68,0.45,41.89,98,0,0,4.62E-05,0.002632794,0.000438799,2.31E-05,4.62E-05,4.62E-05,0,0,0.536162552,-0.14297417
Rautahat,0.000643637,0.026295939,0.019183891,0.005380634,0.02360635,0.124191449,0.415593209,0.086851739,0.013366399,0.029056882,0.197341865,0.003727855,0.002079444,0.004600115,0.048080592,0.029,66.11,0.397,17.58,105,7.43E-05,1.89E-05,0.000141251,0.0015989,0.000132514,2.48E-05,0.000215517,0.000119408,1.16E-05,1.75E-05,0.23964848,-0.109216978
Rolpa,0,0.01173688,0.37031527,0.16664588,6.68E-05,0.000111356,0.000293979,0,0.438705424,0.000935387,0.000962112,0.002476549,0,0.006213642,0.001536707,0.018,49.26,0.513,20.41,85,0,0.000146989,7.57E-05,0.00238301,0.000797306,4.45E-05,0.000209349,3.56E-05,2.23E-05,5.79E-05,0.35755346,-0.131645973
Rukum,0,0.03313084,0.503560007,0.211922308,9.59E-05,0.000139044,0.000805497,0,0.24363394,0.000781523,0.000604122,0.002824033,0,0.001980179,0.000522614,0.019,49.19,0.513,20.32,91,0,5.27E-05,4.79E-05,0.002138402,0.001073995,7.67E-05,0.000887005,0.000225347,0.000292472,0.000273293,0.358952717,-0.130895614
Rupandehi,0.000653264,0.159338375,0.082774746,0.048173361,0.00881849,0.073141664,0.170424542,0.101337657,0.131747929,0.00860831,0.082331662,0.021356607,0.004435376,0.009753509,0.097104509,0.014,35.61,0.377,48.74,96,0,0,0,0,0,0,0,0,0,0,0.113513106,-0.113060072
Salyan,0,0.026076125,0.640519048,0.169800036,4.54E-05,0,0.000379469,0,0.152340334,0.001497253,0.00110541,0.005733283,0,0.001814852,0.000688819,0.021,44.5,0.541,16.37,92,0,1.65E-05,1.24E-05,0.002099454,0.001814852,0.000107241,0.000552705,0.000111366,1.24E-05,0.000210358,0.463024493,-0.147524307
Sankhuwasabha,0,0.053413715,0.190768669,0.082410452,0.001442592,0.000163788,0.001329201,0.000258281,0.476912222,0.141040178,0.000258281,0.047479558,0.000522861,0.002941881,0.001058321,0.012,36.84,0.474,53.39,90,1.26E-05,1.26E-05,1.26E-05,0.000510262,0.000352774,0.000157488,0.000491363,0.000125991,0.000119691,0.000113392,0.295643157,-0.164868246
Saptari,0.000259666,0.013048974,0.015606522,0.010217681,0.022752016,0.22983056,0.347784396,0.037410603,0.011639584,0.009776563,0.089389067,0.004195319,0.004519118,0.021957377,0.181612554,0.036,54.56,0.334,19.01,96,0,0,4.22E-05,0.00152358,0.000201788,9.39E-06,0.000289386,9.39E-06,6.26E-06,1.56E-05,0.217936324,-0.127954507
Sarlahi,3.38E-05,0.035774929,0.04252016,0.0140504,0.030556209,0.126584811,0.435826115,0.076148878,0.025349181,0.072073418,0.078929078,0.009551414,0.003955938,0.003614259,0.045031433,0.011,62,0.377,17.47,103,3.90E-06,7.67E-05,0.000102634,0.001032831,0.000300106,0.000544347,0.000522262,0.000202669,0.000111728,0.000198771,0.230200405,-0.109392555
Sindhuli,0,0.0779123,0.147944576,0.112497974,0.002123623,0.00684691,0.008717318,0.000229581,0.176797483,0.400966265,0.000604338,0.062803857,0,0.001242437,0.001313337,0.036,48.92,0.363,21.01,92,5.06E-05,0.000121543,4.73E-05,0.00054019,0.000226205,1.01E-05,4.39E-05,4.05E-05,2.36E-05,3.38E-06,0.236720407,-0.162847489
Sindhupalchok,0.000799172,0.103284248,0.220717309,0.07338133,0.00014941,6.25E-05,0.001761652,0.000145936,0.064378488,0.421656857,0.000132037,0.111109181,0,0.001587919,0.000833918,0.017,50.49,0.466,33.85,93,1.39E-05,0,0,0.001462832,0.000997227,0.000472554,0.00035789,7.30E-05,2.08E-05,3.13E-05,0.259059954,-0.172781253
Siraha,3.14E-05,0.009420581,0.013266324,0.009630834,0.011204592,0.210340672,0.464627319,0.054874413,0.015696784,0.033497665,0.074867258,0.005341049,0.004125035,0.012193094,0.080882999,0.027,60.04,0.397,18.47,95,4.08E-05,0,8.32E-05,0.000484837,0.00014906,5.33E-05,0.000262031,4.71E-05,2.67E-05,5.33E-05,0.277325848,-0.109511654
Solukhumbu,0,0.046200631,0.158028446,0.077319003,0.000368321,0.000226659,0.006185898,0,0.54342406,0.138837996,0.000122774,0.024488601,0.000151106,0.002984342,0.001662165,0.019,42.49,0.476,39.64,94,0.000245547,0,0,0.000132218,0.000358877,0.000103885,0.000793306,0.00348488,2.83E-05,0.000207771,0.348321265,-0.160505813
Sunsari,0.000141456,0.079912297,0.099948002,0.036060863,0.008461179,0.078015736,0.14639411,0.016701005,0.147538858,0.036211488,0.115487232,0.038036011,0.009921583,0.011438309,0.175731872,0.006,37.12,0.294,51.33,95,0,1.31E-06,4.19E-05,0.000272434,2.10E-05,0,2.75E-05,1.57E-05,0,3.93E-06,0.114518179,-0.134161126
Surkhet,3.99E-05,0.115278047,0.380622798,0.258041527,0.000242301,0.000139679,0.001718909,3.14E-05,0.203629377,0.007460006,0.005202335,0.005436084,0.000136829,0.002317533,0.01970331,0.026,33,0.579,36.53,93,5.70E-06,0,1.14E-05,0.004156167,0.000305014,8.84E-05,0.000444693,0.000248002,5.70E-06,5.42E-05,0.266722008,-0.126751056
Syangja,4.50E-05,0.308807254,0.145541384,0.158669609,0.000491098,8.30E-05,0.001407584,0,0.330014387,0.010600108,0.006868455,0.033322036,4.84E-05,0.002856669,0.001245037,0.007,29.63,0.391,68.4,77,1.38E-05,4.15E-05,3.11E-05,0.001307289,0.001891765,0.000518765,0.001030614,0.000307801,0.000107212,0.000131421,0.251911596,-0.144741382
Tanahu,3.71E-05,0.118723862,0.1462968,0.161465937,0.000238178,0.000300042,0.003455124,0.00035572,0.42843842,0.046039445,0.012901809,0.076786024,0.000241271,0.003229319,0.001490931,0.011,31.68,0.473,56.63,80,1.24E-05,2.47E-05,1.55E-05,0.001082626,0.000460889,0.00017322,0.000637203,5.57E-05,4.02E-05,5.57E-05,0.253335941,-0.163944324
Taplejung,0,0.077796346,0.127693961,0.071166867,0,0.000156911,0.001357278,0.000125529,0.621327308,0.078769192,0,0.015918595,0,0.004244436,0.001443579,0.017,34.28,0.385,53.82,90,0.000305976,0,7.85E-06,0.001443579,0.001545571,0.000564879,0.000258903,0.000125529,3.92E-05,2.35E-05,0.419950335,-0.120190415
Terhathum,0,0.133219134,0.206572354,0.092944269,0.000354411,0,0.001073078,0.000226429,0.463018203,0.0698288,0.000305187,0.028923871,0,0.0025301,0.001004164,0.007,30.64,0.634,58.13,87,9.84E-06,1.97E-05,9.84E-06,0.001427489,0.000521772,0.000108292,0.000502082,9.84E-05,9.84E-06,7.88E-05,0.289165451,-0.156927746
Udayapur,0,0.059902624,0.228153383,0.106584533,0.001209327,0.013315193,0.020473527,0.000784173,0.328370054,0.11873449,0.006824509,0.034443773,0.000462945,0.002012396,0.078729073,0.019,39.3,0.3,25.7,89,6.30E-06,6.93E-05,0.00013227,0.002462744,0.000513334,0.000129121,0.000503886,8.50E-05,0,6.30E-06,0.19696134,-0.127416419
Achham,0,0.102036298,0.581749049,0.135157703,0.00010098,0,0.004920828,0,0.006921007,0.002637129,0.000998147,0.000493248,0.001743845,0.162239734,0.001002031,0.047,54.92,0.592,19.08,87,9.71E-05,0.000376733,0,0.000376733,0.00320417,0.000318475,0.001732194,0.001549653,6.21E-05,0.000504899,0.393517063,-0.228135702
Arghakhanchi,0,0.327664548,0.193248057,0.209019794,0.001603991,6.58E-05,0.001057521,0,0.193349255,0.034726158,0.008971219,0.027971179,0,0.00113848,0.001184019,0.024,34.43,0.31,46.2,77,0,0.000809585,0,0.000809585,0.001437014,3.04E-05,0.000986682,5.06E-05,5.57E-05,5.06E-05,0.227857246,-0.15045965
Baglung,4.47E-05,0.195385182,0.205600622,0.26323,0.001165245,0,0.000926984,0,0.308175703,0.009563945,0.002762338,0.010721745,0,0.001786957,0.000636604,0.018,34.46,0.429,59.32,78,0.000104239,0.000323886,1.12E-05,0.000323886,0.002710219,0.000107962,0.002311876,0.000301549,0.000156359,0.000182419,0.244929155,-0.15789343
Baitadi,5.18E-05,0.185497692,0.603898796,0.083153313,0.001610216,0.000127542,0.052499422,0,0.003870099,0.000617781,8.37E-05,0.000482268,0.000135513,0.066975424,0.000996421,0.046,45.15,0.592,25.59,88,3.99E-06,0.012527003,0.000773223,0.012527003,5.98E-05,2.79E-05,5.58E-05,3.19E-05,0,0,0.413278741,0.314145616
Bajhang,7.69E-05,0.101952767,0.726489683,0.11310265,0.000497031,0.000102481,0.000276697,0,0.002054735,0.001393735,0,0.000912077,0.000261325,0.052198464,0.000681496,0.063,54.97,0.632,14.03,91,0.000502155,0.004621872,0.000312566,0.004621872,0.002357052,0.00047141,0.002346804,0.000245953,7.69E-05,0.000297194,0.553706384,0.585343645
Bajura,0,0.07001601,0.653892908,0.203199122,0.000103771,0.000111184,0.040522711,0.000689338,0.003142789,0.014520576,0.000741224,0.000452147,0.000318726,0.010436433,0.00185306,0.082,55.48,0.508,10.57,95,6.67E-05,0.003157614,0.000733812,0.003157614,0.000103771,4.45E-05,5.19E-05,1.48E-05,0,0,0.475744581,0.664094572
Banke,0.000578043,0.066468829,0.194220385,0.067950573,0.01539141,0.043589321,0.125246024,0.022515179,0.06686776,0.006443957,0.18989524,0.012912339,0.005084335,0.024819209,0.158017394,0.024,43.69,0.448,35.97,99,0,0.000632998,2.04E-06,0.000632998,0.000168935,6.11E-06,6.72E-05,0.00010991,1.22E-05,1.22E-05,0.131438795,-0.261892127
Bara,7.27E-05,0.043175301,0.035685204,0.005963287,0.010929057,0.111857067,0.362694632,0.078235239,0.015726151,0.053627412,0.130628115,0.008416363,0.001423569,0.006693248,0.134872649,0.025,56.75,0.396,19.06,104,0,4.22E-05,2.91E-06,4.22E-05,0.00013814,2.33E-05,0.000250106,0.000119237,4.36E-05,6.83E-05,0.191967912,-0.290473907
Bardiya,6.80E-05,0.087159146,0.145176944,0.08406005,0.003185833,0.013683376,0.032378755,0.020528581,0.038023705,0.005994243,0.025955516,0.005623851,0.000743127,0.005973144,0.531445745,0.025,43.46,0.506,39.16,93,7.50E-05,0.000243802,0,0.000243802,0.000450096,0.000128934,0.000534489,0.000290687,4.45E-05,4.45E-05,0.322064209,-0.255417556
Bhaktapur,0.000131298,0.142303816,0.214602939,0.017259093,0.001834886,0.00041687,0.007917256,0.000331527,0.047585598,0.093717073,0.004943361,0.455842915,0.000679466,0.00604298,0.006390919,0.01,21.87,0.269,87.1,103,6.56E-06,0.000311832,6.56E-06,0.000311832,0.000889542,0.000512061,0.001010993,0.000108321,9.85E-05,0.00013458,0.285611327,-0.229356474
Bhojpur,7.67E-05,0.061865953,0.208024817,0.098175481,0.000263073,0.000115094,0.001627763,0.000279515,0.435906149,0.109745203,0.000104133,0.08036326,0,0.002526595,0.000926235,0.014,36.91,0.455,36.8,89,0.000553549,0.00032336,0,0.00032336,0.000224708,5.48E-05,6.03E-05,0.00040009,0,0,0.265266648,-0.232110275
Chitawan,0.000215523,0.285614776,0.126034511,0.084391983,0.001234517,0.002317305,0.016619424,0.001760393,0.146547146,0.158440578,0.011689978,0.052166956,0.001239689,0.002082816,0.109644404,0.005,27.77,0.42,83.08,93,2.24E-05,1.90E-05,0,1.90E-05,0.004882893,0.002734558,0.009450261,0.001910398,0.001946605,0.005560498,0.166334049,-0.279338507
Dadeldhura,0,0.158184019,0.578968852,0.188586429,0.00020409,0.000161865,0.01837516,0,0.039143102,0.002871339,0.000260391,0.008818106,0,0.003251369,0.001175278,0.045,42.74,0.486,43.08,88,0,0.000401143,7.04E-06,0.000401143,0.001625684,0.000830436,0.001541233,0.001076752,0.000858587,0.00055597,0.397759877,-0.079601803
Dailekh,0,0.108824541,0.504759904,0.269117928,0,0,0.000546281,0,0.105623257,0.003006456,0.001753448,0.00311724,4.20E-05,0.002681744,0.00052718,0.031,47.7,0.456,19.86,94,3.82E-06,0.004431371,4.20E-05,0.004431371,0.000645605,0.000160446,0.000332353,7.26E-05,4.20E-05,4.58E-05,0.350235673,-0.099509561
Dang,7.60E-05,0.102455197,0.284663118,0.114116793,0.000378224,0.001847686,0.020136342,0.000689489,0.141021349,0.018022632,0.008644855,0.008319112,0.000164681,0.004216561,0.295247954,0.02,37.59,0.393,44.11,90,0,0.000770925,6.33E-05,0.000770925,0.001388027,0.000445182,0.001185342,0.000434324,0.000106771,0.000188207,0.212507249,-0.091031715
Darchula,0.000750334,0.167084353,0.706424359,0.067792668,0,0,0.01287573,0,0.002281015,0.008996503,0.000232604,0.00038267,0,0.032767081,0.000412684,0.059,41.8,0.478,16.43,91,0,0,0,0,0,0,0,0,0,0,0,-0.313640253
Dhading,0,0.149809413,0.166701878,0.116179214,0.000238048,0.00022317,0.003174962,0.000160682,0.160569172,0.30354959,0.003076767,0.093990186,0,0.001362823,0.000964093,0.012,46.74,0.263,51.43,89,0.000166633,0.002008528,0.002883354,0.002008528,0.001702042,0.00037195,0.001347945,0.000458242,0.000258877,0.000184487,0.19051142,2.728838556
Dhankuta,7.34E-05,0.05414535,0.213754192,0.073293271,0.000501799,0.000483441,0.003127065,0.000336573,0.529000318,0.071126967,0.00098524,0.046710156,0.000556875,0.003273933,0.002631386,0.008,31.41,0.449,48.64,88,0.000140749,0.010660172,0.000758818,0.010660172,0.000881208,0.000152988,0.001364649,0.000116271,2.45E-05,0.000171346,0.341106004,0.629032596
Dhanusa,3.31E-05,0.013621242,0.015706626,0.009863841,0.042258839,0.158142074,0.428089356,0.124253919,0.015383352,0.027510112,0.084391814,0.006058743,0.003675258,0.013944516,0.057067187,0.014,58.11,0.436,23.87,101,1.32E-06,0.00081481,9.80E-05,0.00081481,0.000137789,2.12E-05,0.000209333,2.52E-05,3.18E-05,8.08E-05,0.237640552,-0.141663133
Dolakha,0,0.091977251,0.343042609,0.087244113,0.000305537,0.000310897,0.001559845,0.000112566,0.109644773,0.269681652,0.000246573,0.09379439,0,0.001624168,0.000455625,0.018,46.4,0.44,48.13,87,5.36E-06,0.001409757,3.75E-05,0.001409757,0.001039897,0.000509228,0.000412742,0.001329352,4.29E-05,6.43E-05,0.227302681,0.516499406
Dolpa,0,0.017166213,0.515504087,0.134114441,0,0,0.000381471,0,0.197029973,0.129482289,0.000381471,0.002370572,0,0.001716621,0.001852861,0.04,55.78,0.541,17.64,99,2.72E-05,0.001226158,5.45E-05,0.001226158,5.45E-05,0.00027248,0.00013624,2.72E-05,2.72E-05,0,0.33962459,0.875861966
Doti,5.19E-05,0.080417104,0.617848743,0.203635488,0.000420315,0.000255023,0.012141906,0,0.036184863,0.004278711,0.000547826,0.005393254,0.000406147,0.036600455,0.001818216,0.052,52.32,0.576,23.31,85,2.83E-05,0.001907946,4.72E-05,0.001907946,0.000472264,0.000113343,0.000354198,0.000198351,0,1.89E-05,0.432519165,-0.190732799
Gorkha,6.64E-05,0.152102294,0.1291997,0.162634979,7.38E-05,0.000206596,0.001313358,0.000431637,0.324974821,0.13738605,0.011274215,0.077672553,0.000129122,0.001663832,0.000870653,0.018,41.83,0.313,44.15,81,1.11E-05,0.001649075,7.38E-06,0.001649075,0.001261709,0.000309893,0.004013857,0.001235884,2.21E-05,0.00014019,0.196927008,-0.219549629
Gulmi,0.000217733,0.253130354,0.255821673,0.206871074,0,0.000124929,0.000831668,0.000328384,0.226456311,0.034908624,0.001538407,0.01769703,0,0.001424186,0.000649629,0.02,34.42,0.433,67.03,76,0.000185608,0.002377213,5.35E-05,0.002377213,0.000531839,6.78E-05,0.001923901,0.000110651,0,9.99E-05,0.225135283,-0.176656819
Humla,0,0.064316332,0.584018247,0.156946793,0,0,0.002752763,0,0.004876322,0.183157025,0.000216288,0.000511227,0,0.001926934,0.001278068,0.067,62.78,0.657,25.83,103,0,0,0,0,1.97E-05,1.97E-05,0.000235951,1.97E-05,3.93E-05,0,0.403429706,0.862196429
Ilam,9.99E-05,0.138981719,0.144631943,0.054149125,0.000275621,0.000306628,0.002776878,0.000423767,0.516964452,0.094789391,0.000778628,0.036633431,0.001257519,0.005109318,0.002821667,0.003,26.54,0.461,67.97,95,6.55E-05,0.000585694,3.45E-06,0.000585694,0.000640818,5.86E-05,0.000275621,9.30E-05,2.76E-05,6.89E-06,0.320790052,-0.168220476
Jajarkot,0,0.046181058,0.566886938,0.288247793,6.42E-05,0.001004063,0.001138327,0,0.091375566,0.000863961,0,0.001838836,0,0.001611171,0.000788073,0.031,53.08,0.513,25.25,100,0.00214239,0.018365012,0.000379442,0.018365012,0.000542895,0.00016929,0.00036193,7.59E-05,1.17E-05,0.000198478,0.414939428,-0.066855891
Jhapa,0.000110749,0.237847782,0.171364056,0.055203347,0.006093644,0.008067434,0.03207654,0.006142866,0.157701347,0.047166677,0.031990402,0.032769335,0.011058881,0.010512521,0.191894419,0.005,30.08,0.242,57.14,90,0,0.000575894,0,0.000575894,0.000941365,7.75E-05,0.00077278,3.57E-05,1.60E-05,1.85E-05,0.15640139,-0.000662385
Jumla,0,0.109473839,0.687626812,0.169636709,0,0,0.0098879,0,0.005912542,0.011825084,0.001019087,0.001854555,0,0.001661755,0.001101716,0.049,55.57,0.541,37.21,102,0,0.000422324,9.18E-06,0.000422324,6.43E-05,0,2.75E-05,9.18E-06,0,9.18E-06,0.513872782,0.041069712
Kailali,0.000109577,0.124091637,0.256349997,0.119112966,0.00168491,0.000840521,0.009213507,0.000648439,0.040573205,0.006628774,0.006352898,0.003944778,0.000876617,0.013713906,0.415858266,0.03,41.14,0.314,39.2,95,2.97E-05,0.001341998,7.73E-06,0.001341998,0.000359671,0.000217865,0.000911424,0.00075157,0.000283612,3.61E-05,0.270263804,-0.304853714
Kalikot,0,0.171086836,0.548945585,0.260529544,0,0,0.005994976,0,0.00414756,0.006089903,0.000197155,0.00028478,0,0.001942343,0.000781318,0.066,54.7,0.541,21.86,101,1.46E-05,0.008061454,0.00039431,0.008061454,0.000270176,8.76E-05,0.000167947,8.76E-05,2.92E-05,2.92E-05,0.398582336,0.088905199
Kanchanpur,0.000352356,0.159635057,0.360154505,0.119049835,0.000742386,0.000374517,0.008868737,0.000104156,0.033668847,0.016764617,0.001021611,0.002555136,0.000485321,0.03850211,0.25772081,0.029,36.96,0.317,33.85,92,7.76E-05,0.001710811,0.000221608,0.001710811,6.65E-06,8.64E-05,4.65E-05,5.10E-05,4.43E-06,1.33E-05,0.238771843,-0.180746442
Kapilbastu,0.000480823,0.085383679,0.053140561,0.026641093,0.01561888,0.096412885,0.262856334,0.081051027,0.039546383,0.003624531,0.181586751,0.003493398,0.005588038,0.020208555,0.124367062,0.032,52.9,0.487,21.78,100,1.75E-06,0.001265876,6.29E-05,0.001265876,0.000335702,2.10E-05,0.00063119,2.97E-05,2.97E-05,3.50E-06,0.146496169,-0.083132945
Kaski,0.000967287,0.2780625,0.168513182,0.150346069,0.000780332,0.000857553,0.010926685,0.000790493,0.282819682,0.035712399,0.008994143,0.04857569,0.001052636,0.005399331,0.006202017,0.003,21.43,0.229,87.47,92,0,0,0,0,0.009756187,0.001520022,0.005742759,0.006616568,0.001944735,0.006466192,0.21221325,-0.059781398
Kathmandu,0.000972343,0.235131633,0.21724304,0.02242352,0.003302871,0.001493487,0.019957116,0.001019928,0.115240449,0.120857795,0.012501147,0.219657845,0.009486653,0.007793079,0.012919094,0.005,15.96,0.32,93.77,110,4.70E-05,0.00129856,0.000159955,0.00129856,0.002250264,0.000772256,0.003379695,0.002311035,0.000439733,0.00119823,0.180008096,-0.275820127
Kavrepalanchok,3.93E-05,0.215339179,0.154012311,0.057781781,0.000282769,0.000212077,0.002526595,9.95E-05,0.054021998,0.376357881,0.000832598,0.132665859,0.000138766,0.004440523,0.001248897,0.007,37.23,0.217,71.2,92,0,0,0,0,0,0,0,0,0,0,0,-0.313640253
Khotang,0,0.072060762,0.232148397,0.107429524,0,0.000189034,0.003005157,0,0.464757261,0.062487882,0.000208422,0.054117065,0,0.002316879,0.001279615,0.015,38.02,0.336,18.14,89,4.36E-05,0.000484703,4.85E-06,0.000484703,0.000271434,0.000378068,0.000159952,4.85E-06,1.45E-05,0,0.293475553,7.177512316
Lalitpur,0.001501713,0.130433297,0.199131869,0.024975862,0.004374834,0.0019973,0.021013304,0.001048849,0.103231567,0.149964113,0.006562252,0.332393427,0.003249084,0.005496313,0.014626217,0.005,20.32,0.162,83.69,103,5.77E-05,0.001029624,2.78E-05,0.001029624,0,0,0,0,0,0,0.20168732,-0.232459205
Lamjung,7.15E-05,0.127507095,0.177434356,0.179485345,0.000256374,0.000101357,0.001639598,0.000172903,0.379349407,0.087035845,0.00561637,0.037102621,0,0.002772412,0.001454771,0.013,36.38,0.322,56.19,83,1.19E-05,0.001955594,4.77E-05,0.001955594,0.003893301,0.001174549,0.00060218,0.001901934,4.77E-05,9.54E-05,0.23285796,-0.149884638
Mahottari,2.07E-05,0.018343478,0.020727238,0.011004175,0.062736225,0.15453966,0.378216323,0.077182192,0.026728067,0.023369132,0.133606871,0.007023806,0.001416552,0.004665541,0.080420026,0.011,62.96,0.436,17.11,98,0.000447752,0.001038911,9.56E-06,0.001038911,0.000565665,0.000103572,0.000403136,5.58E-05,0.000124287,0.000137034,0.203362002,-0.239658387
Makwanpur,0.00020453,0.140918528,0.114867163,0.040817928,0.001724232,0.000692071,0.011967361,0.00066591,0.074063504,0.541178233,0.004278474,0.061989122,0.00119626,0.002378251,0.003058431,0.027,38.21,0.251,48.05,97,0,9.28E-05,0,9.28E-05,0.000601698,3.33E-05,0.000523215,0.001025026,0,0.000363872,0.337102435,-0.211077531
Manang,0,0.034567146,0.039920465,0.051391863,0,0,0,0,0.573722851,0.268736617,0,0.019424901,0,0.009788926,0.002447232,0.038,29.18,0.547,45.59,127,0,0.001682472,0.000305904,0.001682472,0,0,0.000305904,0.000152952,0,0,0.407286072,12.08008415
Morang,0.000272434,0.130721899,0.129211598,0.039133182,0.009381895,0.071743477,0.084206056,0.052200711,0.136201664,0.038266157,0.047391156,0.031745341,0.01396563,0.02745683,0.188101971,0.01,35.09,0.315,46.49,94,0,0.000124305,4.14E-06,0.000124305,0.002969846,0.004762941,0.007496608,0.004782622,0.004996012,0.000528295,0.109966201,-0.313177668
Mugu,0,0.052219368,0.654795066,0.136182759,0,0,0.002532287,0.00032558,0.001483196,0.08825019,0,0.002622725,0,0.060557827,0.001031002,0.047,60.75,0.502,24.38,103,0,0.001573635,0.000144702,0.001573635,0.000180878,0,0.000217053,9.04E-05,1.81E-05,0,0.461501191,-0.288983749
Mustang,0,0.036723164,0.081400535,0.130240856,0,0,0,0,0.510110021,0.214391912,0,0.009812667,0,0.012488849,0.004831995,0.042,38.65,0.547,0,112,0.004237288,0.04014273,0.00275052,0.04014273,0.001338091,0.000148677,0.000223015,0.000966399,7.43E-05,0,0.331389052,0.999122808
Myagdi,0,0.080446318,0.194533663,0.245140398,0.000105596,0.000175993,0.002023917,0,0.449740851,0.002807085,0.001583935,0.013762638,0,0.002983078,0.006696527,0.027,34.84,0.475,0,83,0.008535652,0.001055957,0,0.001055957,0.000571977,0.000228791,0.000519179,2.64E-05,3.52E-05,0.000140794,0.306933283,-0.126725325
Nawalparasi,0.000116549,0.174914686,0.081795409,0.067273445,0.003372141,0.062078482,0.102668498,0.039917142,0.207147386,0.03776643,0.037555089,0.019454304,0.000689968,0.013180877,0.152069594,0.013,36.25,0.389,47.57,89,0.000251745,0.000149182,4.66E-05,0.000149182,0.000354308,6.99E-05,0.000153844,0.000118103,1.40E-05,4.66E-06,0.127235245,-0.247679265
Nuwakot,0,0.189439617,0.135347478,0.067217835,0.000115327,5.05E-05,0.002778669,0.000151367,0.076476461,0.446399804,0.001290225,0.074440212,6.49E-05,0.005643833,0.000583845,0.013,49.41,0.371,31.15,92,0,0.000338774,0.000356794,0.000338774,0.000327962,0.000187407,0.000385626,0.000129743,8.65E-05,0.000374814,0.269428947,-0.149947909
Okhaldhunga,0,0.106038491,0.235816034,0.103321981,0,0.000236512,0.007683263,0.003378744,0.335448427,0.134724024,0.000175695,0.065439507,0.00013515,0.002817872,0.004784301,0.012,43.86,0.567,52.2,87,0,0,0,0,0.005392475,2.70E-05,0.006000649,0.002054276,2.70E-05,0.002479998,0.212588717,-0.022110836
Palpa,0.000191439,0.174622865,0.095095337,0.120173826,8.42E-05,0.000229727,0.001520025,4.59E-05,0.532781989,0.030289456,0.004709396,0.034577686,4.21E-05,0.003587564,0.002048396,0.018,29.18,0.359,0,80,0,0.006727161,0.000168466,0.006727161,0.023818822,0.001987135,0.010659315,0.004154223,0.000225898,0.000834673,0.339989388,0.087486149
Panchthar,0,0.107362747,0.103729075,0.060807958,0.000161612,0.000265878,0.001970628,0.000166826,0.620753114,0.084080139,0.000286732,0.014300088,0.000344078,0.004097656,0.00167347,0.005,33.09,0.569,62.9,89,2.09E-05,0.006355015,5.21E-06,0.006355015,0.000260665,1.56E-05,0.000265878,0.000302372,5.21E-06,5.21E-06,0.418616278,0.610196525
Parbat,0,0.357254929,0.212258681,0.234490757,0,0.000109148,0.000948223,0,0.155085613,0.008677263,0.004236305,0.023828365,0,0.001548537,0.00156218,0.008,32.43,0.262,75.35,80,0,0.000866362,1.36E-05,0.000866362,0.00128931,5.46E-05,0.000484344,1.36E-05,0,6.82E-05,0.252389075,0.448360216
Parsa,0.000134772,0.026350336,0.038280115,0.005710321,0.026327042,0.120806899,0.380964266,0.076162571,0.015894725,0.025247206,0.145107376,0.016508684,0.011873208,0.012911448,0.09772103,0.025,51.31,0.372,25.49,108,0,0.000387676,1.66E-05,0.000387676,0,0,0,0,0,0,0.200490091,-0.260766346
Pyuthan,7.89E-05,0.098587474,0.294030741,0.215986708,0.000214816,0,0.00019728,0.000254272,0.347099105,0.017281742,0.002691778,0.016812654,7.89E-05,0.001012705,0.005672901,0.028,41.99,0.484,21.03,78,3.07E-05,0.001459873,8.77E-05,0.001459873,0.000999553,9.64E-05,0.001131073,0.000697057,1.75E-05,0.00026304,0.263923552,3.339225262
Ramechhap,0,0.048458889,0.277029894,0.087008873,0.000281279,0.000207258,0.001993624,8.39E-05,0.149625455,0.286233136,0.000162846,0.144967085,5.92E-05,0.003158217,0.000730338,0.018,47.9,0.444,31.27,85,1.97E-05,0.001692607,6.91E-05,0.001692607,0.000883314,8.39E-05,0.001130049,0.000172715,4.93E-05,0.000236866,0.212011652,-0.09582001
Rasuwa,0,0.150692841,0.02630485,0.030669746,0.000692841,0,0.001639723,0,0.04743649,0.713441109,0,0.023371824,0,0.0047806,0.000969977,0.024,58.68,0.45,41.89,98,0,0.03778291,0.000254042,0.03778291,0.000946882,4.62E-05,0.000323326,0.000254042,4.62E-05,0.000277136,0.536162552,0.587301106
Rautahat,0.000643637,0.026295939,0.019183891,0.005380634,0.02360635,0.124191449,0.415593209,0.086851739,0.013366399,0.029056882,0.197341865,0.003727855,0.002079444,0.004600115,0.048080592,0.029,66.11,0.397,17.58,105,1.02E-05,0.002181378,9.47E-05,0.002181378,0.000106302,1.75E-05,0.000187849,4.37E-06,2.04E-05,0,0.23964848,-0.259254248
Rolpa,0,0.01173688,0.37031527,0.16664588,6.68E-05,0.000111356,0.000293979,0,0.438705424,0.000935387,0.000962112,0.002476549,0,0.006213642,0.001536707,0.018,49.26,0.513,20.41,85,4.45E-06,0.008240314,0.000289525,0.008240314,0.000930933,8.02E-05,0.001278362,0.000182623,8.91E-06,4.45E-05,0.35755346,-0.13897535
Rukum,0,0.03313084,0.503560007,0.211922308,9.59E-05,0.000139044,0.000805497,0,0.24363394,0.000781523,0.000604122,0.002824033,0,0.001980179,0.000522614,0.019,49.19,0.513,20.32,91,4.79E-06,0.007110425,6.71E-05,0.007110425,0.002071277,0.000292472,0.000560971,0.00024932,2.40E-05,0.000172606,0.358952717,0.193680013
Rupandehi,0.000653264,0.159338375,0.082774746,0.048173361,0.00881849,0.073141664,0.170424542,0.101337657,0.131747929,0.00860831,0.082331662,0.021356607,0.004435376,0.009753509,0.097104509,0.014,35.61,0.377,48.74,96,1.14E-06,0.000638494,2.27E-06,0.000638494,0,0,0,0,0,0,0.113513106,-0.207705804
Salyan,0,0.026076125,0.640519048,0.169800036,4.54E-05,0,0.000379469,0,0.152340334,0.001497253,0.00110541,0.005733283,0,0.001814852,0.000688819,0.021,44.5,0.541,16.37,92,0,0.001039415,0,0.001039415,0.001002293,5.36E-05,0.000296976,0.000136114,2.06E-05,3.71E-05,0.463024493,-0.036253461
Sankhuwasabha,0,0.053413715,0.190768669,0.082410452,0.001442592,0.000163788,0.001329201,0.000258281,0.476912222,0.141040178,0.000258281,0.047479558,0.000522861,0.002941881,0.001058321,0.012,36.84,0.474,53.39,90,0,3.15E-05,6.30E-06,3.15E-05,0.000113392,0.000214184,0.00039687,0.000157488,6.30E-06,3.15E-05,0.295643157,0.095385462
Saptari,0.000259666,0.013048974,0.015606522,0.010217681,0.022752016,0.22983056,0.347784396,0.037410603,0.011639584,0.009776563,0.089389067,0.004195319,0.004519118,0.021957377,0.181612554,0.036,54.56,0.334,19.01,96,0,0.000218995,3.13E-06,0.000218995,1.56E-05,7.82E-06,0.000218995,7.82E-06,3.13E-06,1.88E-05,0.217936324,-0.240848915
Sarlahi,3.38E-05,0.035774929,0.04252016,0.0140504,0.030556209,0.126584811,0.435826115,0.076148878,0.025349181,0.072073418,0.078929078,0.009551414,0.003955938,0.003614259,0.045031433,0.011,62,0.377,17.47,103,0,0.000483287,0,0.000483287,0.000144207,5.07E-05,0.000141608,7.41E-05,0.00017019,1.69E-05,0.230200405,-0.2713394
Sindhuli,0,0.0779123,0.147944576,0.112497974,0.002123623,0.00684691,0.008717318,0.000229581,0.176797483,0.400966265,0.000604338,0.062803857,0,0.001242437,0.001313337,0.036,48.92,0.363,21.01,92,0,0.000243086,0,0.000243086,0.000249838,8.10E-05,0.0001418,7.77E-05,2.36E-05,2.36E-05,0.236720407,-0.288553453
Sindhupalchok,0.000799172,0.103284248,0.220717309,0.07338133,0.00014941,6.25E-05,0.001761652,0.000145936,0.064378488,0.421656857,0.000132037,0.111109181,0,0.001587919,0.000833918,0.017,50.49,0.466,33.85,93,0,0.00041001,0,0.00041001,0.000986803,0.000337042,0.000670609,5.91E-05,8.34E-05,0.000239751,0.259059954,-0.245049108
Siraha,3.14E-05,0.009420581,0.013266324,0.009630834,0.011204592,0.210340672,0.464627319,0.054874413,0.015696784,0.033497665,0.074867258,0.005341049,0.004125035,0.012193094,0.080882999,0.027,60.04,0.397,18.47,95,0,0.00034676,1.41E-05,0.00034676,0.000200839,9.57E-05,0.000269877,6.43E-05,3.14E-05,4.24E-05,0.277325848,-0.271966104
Solukhumbu,0,0.046200631,0.158028446,0.077319003,0.000368321,0.000226659,0.006185898,0,0.54342406,0.138837996,0.000122774,0.024488601,0.000151106,0.002984342,0.001662165,0.019,42.49,0.476,39.64,94,0.000169994,0.00112385,3.78E-05,0.00112385,0.000897191,9.44E-06,0.000812194,0.002738795,1.89E-05,0.00075553,0.348321265,-0.21694981
Sunsari,0.000141456,0.079912297,0.099948002,0.036060863,0.008461179,0.078015736,0.14639411,0.016701005,0.147538858,0.036211488,0.115487232,0.038036011,0.009921583,0.011438309,0.175731872,0.006,37.12,0.294,51.33,95,2.23E-05,0.002523946,4.45E-05,0.002523946,0.000444015,2.10E-05,0.000153244,6.55E-06,2.62E-06,1.57E-05,0.114518179,-0.301001844
Surkhet,3.99E-05,0.115278047,0.380622798,0.258041527,0.000242301,0.000139679,0.001718909,3.14E-05,0.203629377,0.007460006,0.005202335,0.005436084,0.000136829,0.002317533,0.01970331,0.026,33,0.579,36.53,93,2.00E-05,0.001345481,5.13E-05,0.001345481,0.000820971,0.000128277,0.0007212,0.000208093,5.13E-05,3.42E-05,0.266722008,1.521171137
Syangja,4.50E-05,0.308807254,0.145541384,0.158669609,0.000491098,8.30E-05,0.001407584,0,0.330014387,0.010600108,0.006868455,0.033322036,4.84E-05,0.002856669,0.001245037,0.007,29.63,0.391,68.4,77,0.000418471,0.008884723,0.000259383,0.008884723,0.002815167,0.000608685,0.001701551,0.000273216,3.11E-05,8.65E-05,0.251911596,-0.234726113
Tanahu,3.71E-05,0.118723862,0.1462968,0.161465937,0.000238178,0.000300042,0.003455124,0.00035572,0.42843842,0.046039445,0.012901809,0.076786024,0.000241271,0.003229319,0.001490931,0.011,31.68,0.473,56.63,80,6.19E-06,0.001453812,5.88E-05,0.001453812,0.001054787,0.00035572,0.00098055,0.000463983,5.57E-05,0.000117542,0.253335941,-0.201600543
Taplejung,0,0.077796346,0.127693961,0.071166867,0,0.000156911,0.001357278,0.000125529,0.621327308,0.078769192,0,0.015918595,0,0.004244436,0.001443579,0.017,34.28,0.385,53.82,90,0.000329513,0.005531104,8.63E-05,0.005531104,0.000557033,0.00029813,0.000227521,4.71E-05,1.57E-05,7.85E-06,0.419950335,0.076989995
Terhathum,0,0.133219134,0.206572354,0.092944269,0.000354411,0,0.001073078,0.000226429,0.463018203,0.0698288,0.000305187,0.028923871,0,0.0025301,0.001004164,0.007,30.64,0.634,58.13,87,3.94E-05,0.005690265,3.94E-05,0.005690265,0.000137826,0.000216584,0.000216584,4.92E-05,3.94E-05,0,0.289165451,0.069232869
Udayapur,0,0.059902624,0.228153383,0.106584533,0.001209327,0.013315193,0.020473527,0.000784173,0.328370054,0.11873449,0.006824509,0.034443773,0.000462945,0.002012396,0.078729073,0.019,39.3,0.3,25.7,89,0,0.000302332,0,0.000302332,0.000377915,0.000144867,0.00062041,0.000113374,5.67E-05,3.78E-05,0.19696134,0.069560808