,Foreigner,Hill Brahman,Hill Chhetree,Hill Dalit,Madhesi Brahman/Chhetree,Madhesi Dalit,Madhesi Other - OC A,Madhesi Other - OC B,Mtn/Hill Janajati A,Mtn/Hill Janajati B,Musalman,Newar,Other (MPB),Other undefined,Tarai Janajati,Poverty Severity,Adult illiteracy rate,Children <5 years malnourished,Sanitation Coverage (%,Sex Ratio (male per 100 female),Confirmed Meningitis 3,HIV/AIDS3,Leprosy3,STD/STI3,Acute Flacid Paralysis,Chicken pox,Diptheria,Hepatatis-B,Measles,Mumps,Neonatal Tetanus,Rubella,Tetanus,Tuberculosis,Whooping cough,Alcoholism,Anxiety (Neurosis,"Conversive disorder
(Hysteria)",Depression,Epilesy,Mental retardation,Psychosis,caste_diversity,Vacc_Access
Achham,0.0,0.102036298388,0.58174904943,0.135157703407,0.00010097989335,0.0,0.00492082787977,0.0,0.00692100653651,0.00263712875325,0.000998147407341,0.000493247940593,0.00174384508131,0.162239734034,0.00100203124939,0.047,54.92,0.592,19.08,87.0,1.55353682076e-05,0.0033595233749,5.43737887268e-05,0.00274976017275,2.33030523115e-05,0.0012195264043,0.0,3.10707364153e-05,4.2722262571e-05,0.000726278463707,3.88384205191e-06,0.0,0.0,0.000240798207219,6.21414728306e-05,3.49545784672e-05,0.00120787487814,0.000151469840025,0.00147974382178,0.000419454941606,1.94192102596e-05,0.000139818313869,0.393517062969,1.42776686805
Arghakhanchi,0.0,0.327664548251,0.193248056995,0.209019794365,0.00160399125648,6.57788212435e-05,0.00105752104922,0.0,0.193349255181,0.0347261577073,0.00897121923575,0.0279711787565,0.0,0.00113847959845,0.00118401878238,0.024,34.43,0.31,46.2,77.0,5.05990932642e-06,0.0,2.02396373057e-05,0.00333448024611,0.0,0.000612249028497,0.0,1.51797279793e-05,2.02396373057e-05,0.00262609294041,0.0,1.51797279793e-05,0.0,0.000237815738342,0.0,0.00028335492228,0.00193288536269,0.000161917098446,0.00135099579016,0.000101198186528,3.5419365285e-05,0.000333954015544,0.227857245775,0.054958087242
Baglung,4.46739361088e-05,0.1953851824,0.205600622457,0.263230000037,0.00116524516684,0.0,0.000926984174258,0.0,0.308175702591,0.0095639451553,0.00276233838273,0.0107217446661,0.0,0.00178695744435,0.000636603589551,0.018,34.46,0.429,59.32,78.0,3.72282800907e-06,2.60597960635e-05,1.11684840272e-05,0.00170877805616,0.0,0.000323886036789,0.0,1.86141400453e-05,3.72282800907e-06,0.00180929441241,1.11684840272e-05,0.000163804432399,1.48913120363e-05,0.000148913120363,0.0,0.000379728456925,0.00221135983739,0.000167527260408,0.00112429405874,0.00032016320878,0.000376005628916,0.000483967641179,0.244929154985,0.234596073553
Baitadi,5.18138845268e-05,0.185497692289,0.603898795526,0.0831533132986,0.00161021610376,0.000127541869604,0.0524994220759,0.0,0.00387009860581,0.000617780930896,8.36993519279e-05,0.000482267694442,0.000135513236455,0.066975424276,0.000996420856284,0.046,45.15,0.592,25.59,88.0,2.39141005508e-05,0.0,3.18854674011e-05,0.00206458401422,7.97136685027e-06,0.000538067262393,3.98568342514e-06,3.98568342514e-06,0.00058988114692,0.0007293800668,0.0,0.00013152755303,2.39141005508e-05,0.000561981362944,3.98568342514e-06,0.000203269854682,0.000526110212118,5.97852513771e-05,0.000514153161843,1.99284171257e-05,0.000175370070706,0.000103627769054,0.41327874124,0.37146208133
Bajhang,7.68604061304e-05,0.101952766718,0.726489682771,0.113102649634,0.00049703062631,0.000102480541507,0.000276697462069,0.0,0.00205473485722,0.0013937353645,0.0,0.000912076819414,0.000261325380843,0.0521984638167,0.000681495601023,0.063,54.97,0.632,14.03,91.0,6.66123519797e-05,1.53720812261e-05,2.56201353768e-05,0.000988937225544,0.0,0.000686619628098,0.0,0.000251077326693,1.02480541507e-05,0.0007071157364,0.0,5.12402707536e-06,5.12402707536e-06,0.000461162436782,2.04961083014e-05,0.000102480541507,0.00126051066054,0.000174216920562,0.000855712521585,0.000133224703959,3.58681895275e-05,0.000230581218391,0.553706383849,1.01705455107
Bajura,0.0,0.0700160104364,0.65389290797,0.203199122391,0.000103771347249,0.000111183586338,0.0405227111006,0.000689338235294,0.00314278937381,0.0145205763757,0.000741223908918,0.00045214658444,0.000318726280835,0.0104364326376,0.0018530597723,0.082,55.48,0.508,10.57,95.0,0.0,2.22367172676e-05,7.41223908918e-06,0.00213472485769,0.0,0.000296489563567,0.0,7.41223908918e-06,0.0,0.00108218690702,0.0,0.0,0.0,0.000318726280835,0.000170481499051,7.41223908918e-06,0.000148244781784,0.0,0.000259428368121,7.41223908918e-06,0.0,0.0,0.47574458124,0.326388956809
Banke,0.000578042917651,0.0664688294427,0.194220384968,0.0679505732598,0.0153914103637,0.0435893208606,0.125246024428,0.022515178715,0.0668677604704,0.00644395731438,0.189895239898,0.0129123389774,0.00508433524047,0.0248192089361,0.158017394207,0.024,43.69,0.448,35.97,99.0,2.84950734053e-05,1.83182614749e-05,0.000107874206463,0.00256455660648,6.10608715829e-06,0.000309375082687,1.62828990888e-05,3.86718853358e-05,1.62828990888e-05,0.000722553647064,0.0,2.44243486332e-05,8.14144954438e-06,0.000455921174486,8.14144954438e-06,6.10608715829e-05,0.00016689971566,1.83182614749e-05,0.000134333917482,2.0353623861e-05,1.62828990888e-05,2.0353623861e-05,0.131438795157,0.603444245628
Bara,7.27052760765e-05,0.0431753011453,0.0356852036039,0.00596328674379,0.0109290570998,0.111857067244,0.362694632024,0.0782352393749,0.0157261512153,0.053627411634,0.130628115421,0.00841636275861,0.00142356930558,0.0066932477156,0.134872649438,0.025,56.75,0.396,19.06,104.0,2.90821104306e-06,1.45410552153e-06,6.25265374258e-05,0.00152971900865,1.30869496938e-05,0.000205028878536,0.0,3.19903214736e-05,9.8879175464e-05,0.00168967061602,0.0,1.59951607368e-05,1.01787386507e-05,0.000894274895741,0.000321357320258,0.000338806586516,0.000238473305531,3.63526380382e-05,0.000250106149703,0.00019921245645,4.9439587732e-05,2.61738993875e-05,0.191967911513,0.585893679169
Bardiya,6.79831964292e-05,0.0871591463186,0.145176943851,0.0840600502607,0.00318583323956,0.0136833764675,0.0323787554855,0.0205285810735,0.0380237050373,0.00599424252654,0.0259555155471,0.00562385131841,0.000743126664416,0.00597314429316,0.531445744721,0.025,43.46,0.506,39.16,93.0,1.40654889164e-05,7.0327444582e-06,0.000192228348524,0.0043345148344,1.40654889164e-05,0.000541521323281,0.0,0.0,2.81309778328e-05,0.00312019429129,0.0,2.34424815273e-05,4.68849630546e-06,0.00121666479127,4.68849630546e-06,6.0950451971e-05,0.000452439893477,0.000107835415026,0.000363358463674,0.000363358463674,6.32947001238e-05,0.00010314691872,0.322064209108,-0.646548658969
Bhaktapur,0.000131297780083,0.142303816498,0.214602939101,0.0172590931919,0.00183488647666,0.000416870451763,0.00791725613899,0.000331526894709,0.0475855979465,0.0937170729786,0.00494336142012,0.455842915336,0.000679466011928,0.00604298032831,0.00639091944553,0.01,21.87,0.269,87.1,103.0,9.84733350621e-06,3.28244450207e-05,6.56488900414e-06,0.000525191120331,3.28244450207e-06,0.000643359122406,3.28244450207e-06,1.64122225103e-05,0.00049236667531,0.000561298009854,0.0,1.31297780083e-05,0.0,0.000643359122406,0.000288855116182,0.000262595560166,0.000210076448132,0.000354504006224,0.000344656672717,4.5954223029e-05,3.61068895228e-05,4.5954223029e-05,0.285611326962,-1.56525265499
Bhojpur,7.67295666424e-05,0.0618659534471,0.208024816534,0.0981754805189,0.000263072799917,0.000115094349964,0.00162776294948,0.000279514849911,0.435906148779,0.109745203032,0.0001041329833,0.0803632596912,0.0,0.00252659501587,0.00092623548304,0.014,36.91,0.455,36.8,89.0,1.64420499948e-05,0.0,1.09613666632e-05,0.000728930883103,0.0,0.00078921839975,3.28840999896e-05,0.0,0.00129892194959,0.00595202209812,0.0,1.64420499948e-05,1.64420499948e-05,0.000175381866611,0.0,0.000115094349964,0.000345283049891,1.64420499948e-05,0.000202785283269,0.000460377399854,0.0,3.83647833212e-05,0.265266647626,-0.78539879228
Chitawan,0.000215523186847,0.28561477558,0.126034511297,0.0843919832271,0.00123451681426,0.00231730530497,0.0166194239841,0.00176039339016,0.146547146128,0.158440577671,0.0116899776546,0.0521669563298,0.00123968937074,0.00208281607768,0.109644403984,0.005,27.77,0.42,83.08,93.0,3.10353389059e-05,4.82771938536e-05,8.62092747386e-05,0.00179832547105,1.20692984634e-05,0.000808642997048,0.0,5.17255648432e-05,4.82771938536e-05,0.000837954150459,0.0,5.17255648432e-06,1.20692984634e-05,0.00136383072636,0.000248282711247,0.00104658059533,0.00298973764794,0.000832781593975,0.00510531325002,0.000427598002704,0.000956922949599,0.00121037821733,0.166334049404,-0.561480657692
Dadeldhura,0.0,0.15818401903,0.578968851605,0.188586428702,0.000204090250116,0.000161864681127,0.0183751601053,0.0,0.0391431024533,0.00287133869129,0.000260391008769,0.00881810632398,0.0,0.00325136881219,0.00117527833688,0.045,42.74,0.486,43.08,88.0,0.000365954931243,8.44511379791e-05,0.000154827086295,0.00855771531521,0.0,0.000936000112602,0.0,7.03759483159e-06,6.33383534843e-05,0.00136529339733,0.0,2.11127844948e-05,0.0,0.00135121820767,0.000302616577758,0.00044336847439,0.00548228637381,0.000612270750348,0.00271651160499,0.0010908271989,0.000168902275958,0.000394105310569,0.397759876994,0.183816238881
Dailekh,0.0,0.108824540627,0.504759903732,0.269117927952,0.0,0.0,0.00054628108645,0.0,0.105623257058,0.0030064560492,0.00175344768308,0.00311724032548,4.20216220346e-05,0.0026817435153,0.000527180349161,0.031,47.7,0.456,19.86,94.0,1.14604423731e-05,4.58417694923e-05,1.52805898308e-05,0.00275050616954,7.64029491538e-06,0.000603583298315,0.0,0.0,0.0,0.00412957940176,0.0,5.34820644077e-05,1.14604423731e-05,0.000187187225427,0.0,0.000126064866104,0.000733468311877,0.000118424571188,0.000252129732208,0.000133705161019,3.82014745769e-06,7.25828016961e-05,0.350235673035,0.793818605984
Dang,7.60066813492e-05,0.102455196776,0.284663118482,0.114116793314,0.000378223723857,0.00184768622994,0.0201363415089,0.000689489180811,0.141021348829,0.0180226318942,0.00864485516203,0.00831911224196,0.000164681142923,0.00421656113199,0.295247953701,0.02,37.59,0.393,44.11,90.0,0.0,0.0,2.35258775605e-05,0.00253355604497,3.61936577853e-06,0.000548333915448,0.0,0.0,4.7051755121e-05,0.00207570627399,0.0,0.0,0.0,0.0018549249615,0.0,0.000439752942092,0.000899412395966,6.15292182351e-05,0.000624340596797,0.000195445752041,2.53355604497e-05,4.52420722317e-05,0.212507249213,0.564342798234
Dhading,0.0,0.149809413004,0.166701877899,0.116179214264,0.000238047770236,0.000223169784597,0.00317496213553,0.000160682244909,0.160569172219,0.303549589814,0.0030767674303,0.0939901864807,0.0,0.0013628234846,0.000964093469457,0.012,46.74,0.263,51.43,89.0,3.86827626634e-05,8.92679138386e-06,4.46339569193e-05,0.00306486504179,8.92679138386e-06,0.0007558016705,2.97559712795e-06,5.05851511752e-05,0.000172584633421,0.00364510648174,0.0,0.000208291798957,5.95119425591e-06,0.000693314130813,0.00014580425927,0.000181511424805,0.000996825037864,0.000312437698435,0.000779606447524,0.000437412777809,9.81947052225e-05,9.52191080945e-05,0.190511419781,0.00385287924
Dhankuta,7.34340195334e-05,0.0541453504027,0.213754191859,0.073293270996,0.000501799133479,0.000483440628595,0.0031270653318,0.000336572589528,0.529000318214,0.0711269674198,0.000985239762074,0.0467101559249,0.000556874648129,0.00327393337087,0.00263138569995,0.008,31.41,0.449,48.64,88.0,6.11950162779e-06,0.0,0.0,0.00100971776858,0.0,0.00100971776858,0.0,0.0,0.000122390032556,0.00212346706484,0.0,2.44780065111e-05,6.11950162779e-06,0.000318214084645,0.0,0.000575233153012,0.000348811592784,6.73145179057e-05,0.000354931094412,4.89560130223e-05,3.05975081389e-05,6.11950162779e-06,0.341106004278,-0.0146798462559
Dhanusa,3.31223659438e-05,0.0136212417707,0.0157066259306,0.00986384057808,0.0422588393658,0.158142073752,0.428089356194,0.124253918707,0.015383351639,0.0275101122583,0.084391813741,0.00605874317845,0.00367525772513,0.0139445160624,0.057067186732,0.014,58.11,0.436,23.87,101.0,2.64978927551e-06,1.32489463775e-06,0.000400118180602,0.000744590786418,3.97468391326e-05,6.09451533367e-05,1.32489463775e-06,0.0,2.91476820306e-05,0.000186810143923,1.32489463775e-06,0.0,0.0,0.000416016916255,1.32489463775e-06,6.22700479744e-05,5.82953640612e-05,1.32489463775e-06,0.000102016887107,2.64978927551e-06,1.98734195663e-05,5.96202586989e-05,0.237640552198,1.14529138963
Dolakha,0.0,0.0919772509206,0.343042608961,0.0872441130593,0.000305536645636,0.000310896937665,0.00155984498035,0.000112566132603,0.109644773447,0.269681652256,0.000246573433321,0.0937943899184,0.0,0.0016241684847,0.00045562482244,0.018,46.4,0.44,48.13,87.0,0.0,1.07205840574e-05,1.60808760861e-05,0.0029320797397,2.14411681148e-05,0.000450264530412,0.0,4.82426282584e-05,0.000214411681148,0.0023906902448,0.0,0.0,5.36029202871e-06,0.000755801176048,0.000117926424632,0.000653955627503,0.000434183654325,0.000423463070268,0.000343058689837,0.000423463070268,0.00020905138912,0.000343058689837,0.227302681114,-0.529071505388
Dolpa,0.0,0.0171662125341,0.515504087193,0.134114441417,0.0,0.0,0.000381471389646,0.0,0.197029972752,0.129482288828,0.000381471389646,0.00237057220708,0.0,0.00171662125341,0.00185286103542,0.04,55.78,0.541,17.64,99.0,0.0,0.0,0.0,0.00204359673025,0.0,0.0,0.0,0.0,0.0,0.0,0.0,0.0,0.0,0.0,0.0,0.00264305177112,0.000517711171662,0.000735694822888,0.000490463215259,0.0,0.0,0.0,0.339624589981,-0.0234603368973
Doti,5.19490332757e-05,0.0804171035108,0.617848743306,0.203635487801,0.000420314905594,0.00025502252699,0.0121419058684,0.0,0.0361848629962,0.00427871128616,0.000547826169089,0.0053932541819,0.000406146987428,0.0366004552624,0.00181821616465,0.052,52.32,0.576,23.31,85.0,9.4452787774e-06,4.7226393887e-05,9.4452787774e-06,0.00156791627705,0.0,0.00040142434804,4.7226393887e-06,0.0,2.36131969435e-05,0.000240854608824,0.0,0.000127511263495,9.4452787774e-06,0.000321139478432,8.97301483853e-05,0.000273913084545,0.000604497841754,7.08395908305e-05,0.000420314905594,8.97301483853e-05,3.30584757209e-05,0.000103898066551,0.432519165487,1.14898098037
Gorkha,6.64057167944e-05,0.152102294318,0.129199700436,0.162634978842,7.37841297715e-05,0.00020659556336,0.00131335750993,0.000431637159163,0.324974821166,0.137386049635,0.0112742150291,0.0776725534105,0.0001291222271,0.00166383212635,0.000870652731304,0.018,41.83,0.313,44.15,81.0,1.10676194657e-05,6.27165103058e-05,4.42704778629e-05,0.000793179395044,0.0,0.00167489974581,0.0,0.0,0.000136500640077,0.00291078391949,0.0,0.0,0.0,0.00133180354238,0.0,0.000121743814123,0.00200692832979,0.000166014291986,0.010488414047,0.0013244251294,2.21352389315e-05,0.000110676194657,0.196927008177,-0.826240987851
Gulmi,0.000217732724158,0.253130354083,0.25582167333,0.206871073672,0.0,0.000124928612222,0.000831667618504,0.000328383780697,0.22645631068,0.0349086236436,0.00153840662479,0.0176970302684,0.0,0.00142418617933,0.000649628783552,0.02,34.42,0.433,67.03,76.0,1.42775556825e-05,3.56938892062e-06,7.13877784123e-06,0.00238792118789,3.56938892062e-06,0.000567532838378,0.0,1.78469446031e-05,2.85551113649e-05,0.00154197601371,0.0,5.71102227299e-05,0.0,0.000182038834951,3.56938892062e-06,0.000214163335237,0.00308038263849,0.00028912050257,0.00262350085665,0.000303398058252,0.000189177612793,0.000392632781268,0.225135282898,0.104707110712
Humla,0.0,0.0643163317472,0.584018246883,0.156946793032,0.0,0.0,0.00275276259389,0.0,0.00487632230917,0.183157025443,0.00021628848952,0.000511227338865,0.0,0.00192693381572,0.00127806834716,0.067,62.78,0.657,25.83,103.0,0.000334264029258,0.00469935899957,0.00192693381572,0.00808132447206,0.0,0.000255613669433,0.0,3.93251799127e-05,0.0,0.0046403712297,0.0,0.0,0.0,0.0,0.00021628848952,0.000373589209171,0.00021628848952,5.8987769869e-05,0.000904479137992,0.000314601439302,0.0,5.8987769869e-05,0.403429705922,1.27668475831
Ilam,9.99124904394e-05,0.13898171946,0.144631943057,0.0541491245599,0.000275620663281,0.0003066279879,0.00277687818256,0.000423766769795,0.516964451825,0.0947893913607,0.000778628373769,0.0366334314084,0.00125751927622,0.00510931804557,0.00282166654034,0.003,26.54,0.461,67.97,95.0,0.000124029298477,0.0,1.0335774873e-05,0.000365197378847,0.0,0.000558131843144,0.0,6.89051658203e-06,0.000141255589932,0.00233243986302,0.0,5.85693909472e-05,6.89051658203e-06,0.000175708172842,0.0,0.000358306862265,0.00101635119585,0.00010335774873,0.000654599075293,0.000158481881387,8.95767155664e-05,0.000261839630117,0.3207900516,-0.269076107059
Jajarkot,0.0,0.0461810582357,0.566886937841,0.288247793397,6.42133283519e-05,0.00100406295241,0.00113832718442,0.0,0.0913755662448,0.000863961145099,0.0,0.00183883622099,0.0,0.0016111707841,0.000788072666137,0.031,53.08,0.513,25.25,100.0,8.17260542661e-05,7.58884789614e-05,4.67006024378e-05,0.00122005323869,1.75127259142e-05,0.000665483584738,0.000221827861579,4.67006024378e-05,0.000344416942979,0.00100406295241,6.42133283519e-05,0.0,5.83757530472e-06,8.75636295708e-05,0.000286041189931,0.000239340587494,0.000869798720403,0.000169289683837,0.000274366039322,5.25381777425e-05,5.25381777425e-05,7.00509036567e-05,0.414939427671,1.60199990144
Jhapa,0.00011074878484,0.237847781948,0.171364055867,0.0552033470744,0.00609364425029,0.00806743370455,0.0320765397157,0.00614286593244,0.157701347444,0.0471666769212,0.031990401772,0.032769334892,0.0110588814373,0.0105125207654,0.191894419492,0.005,30.08,0.242,57.14,90.0,8.61379437642e-06,5.04522242048e-05,0.000216575401464,0.00356241924568,0.000169814803421,0.000770319325663,0.0,2.21497569679e-05,3.93773457208e-05,0.00190241801514,0.0,2.46108410755e-05,0.0,0.00148526425891,3.69162616132e-06,0.000370393158186,0.000878607026395,5.90660185812e-05,0.000855226727373,2.83024672368e-05,1.84581308066e-05,7.75241493878e-05,0.156401389699,1.41910129211
Jumla,0.0,0.109473838837,0.687626812093,0.169636709175,0.0,0.0,0.00988790040488,0.0,0.00591254211768,0.0118250842354,0.00101908722836,0.00185455513629,0.0,0.00166175484985,0.00110171592255,0.049,55.57,0.541,37.21,102.0,0.0,0.0,0.0,0.00149649746146,0.0,0.000413143470956,0.0,0.0,9.18096602124e-06,0.000183619320425,0.0,0.0,0.0,9.18096602124e-06,9.18096602124e-06,0.000100990626234,0.000174438354404,0.0,2.75428980637e-05,0.0,1.83619320425e-05,0.0,0.513872781665,1.5241028934
Kailali,0.000109577173914,0.124091637457,0.256349997228,0.119112966331,0.00168491019184,0.000840521381085,0.00921350661137,0.000648439040929,0.0405732046425,0.00662877445021,0.00635289780059,0.00394477826092,0.000876617391316,0.0137139056012,0.415858266438,0.03,41.14,0.314,39.2,95.0,0.00013278175192,3.73851534532e-05,0.000149540613813,0.00184089652176,1.54697186703e-05,0.000564644731465,3.86742966757e-06,7.73485933514e-06,8.89508823541e-05,0.00102486886191,0.0,3.09394373405e-05,7.73485933514e-06,0.000657463043487,5.54331585685e-05,0.000360960102306,0.000488585281336,0.000269430933507,0.0011563614706,0.000505344143229,0.000183058337598,0.000193371483378,0.270263804498,-0.527671914861
Kalikot,0.0,0.171086835879,0.548945585186,0.260529544061,0.0,0.0,0.00599497619534,0.0,0.00414755965768,0.00608990273681,0.000197155124573,0.000284779624383,0.0,0.00194234307912,0.00078131845664,0.066,54.7,0.541,21.86,101.0,0.0,3.65102082542e-05,8.76244998101e-05,0.0021687063703,7.30204165085e-06,0.000576861290417,0.0,1.46040833017e-05,0.000649881706925,0.000847036831498,0.0,2.19061249525e-05,0.0,2.19061249525e-05,2.92081666034e-05,5.11142915559e-05,0.000401612290797,0.000153342874668,0.000189853082922,5.84163332068e-05,0.0,1.46040833017e-05,0.398582336266,1.27036285898
Kanchanpur,0.000352356132326,0.159635056554,0.36015450484,0.119049835124,0.00074238556182,0.000374516895366,0.00886873736837,0.000104155586285,0.0336688472857,0.0167646172393,0.00102161117612,0.00255513597844,0.000485320710563,0.0385021097046,0.257720809843,0.029,36.96,0.317,33.85,92.0,0.0,6.64822891182e-06,5.76179839024e-05,0.00126759564585,6.64822891182e-06,0.00138726376627,2.21607630394e-06,1.55125341276e-05,2.65929156473e-05,0.00124100273021,0.0,0.0,6.64822891182e-06,0.0018016700351,4.43215260788e-06,5.54019075985e-05,0.000128532425628,8.86430521576e-05,0.000137396730844,3.10250682552e-05,1.55125341276e-05,2.88089919512e-05,0.238771842678,-0.108488323054
Kapilbastu,0.00048082302915,0.0853836792928,0.0531405611817,0.0266410927097,0.0156188804342,0.0964128853578,0.262856333576,0.0810510266883,0.0395463828121,0.0036245314161,0.181586750965,0.0034933978627,0.00558803782241,0.0202085548033,0.124367062049,0.032,52.9,0.487,21.78,100.0,0.0,0.0,8.04285794215e-05,0.00205092877525,0.00011015218486,0.000347941028367,0.0,0.0,8.74223689364e-05,0.00170473619426,0.0,0.0,0.0,0.000744838583338,0.00019232921166,8.91708163151e-05,0.000382909975941,5.07049739831e-05,0.000545515582163,2.62267106809e-05,2.44782633022e-05,2.62267106809e-05,0.146496169414,1.1470102011
Kaski,0.000967287003808,0.278062499746,0.168513182334,0.150346069279,0.00078033237282,0.00085755276388,0.010926685335,0.000790492950591,0.282819682258,0.0357123987498,0.00899414344297,0.048575690208,0.00105263585709,0.00539933102756,0.00620201667148,0.003,21.43,0.229,87.47,92.0,0.000483643501904,0.00014428020435,4.06423110844e-05,0.00201992286089,1.42248088795e-05,0.000607602550711,0.0,0.00013005539547,7.72203910603e-05,0.000658405439567,0.0,2.84496177591e-05,4.06423110844e-06,0.000514125235217,0.000160537128783,0.00213778556304,0.00908558864291,0.00115627375035,0.00521034428102,0.00341395413109,0.000613698897374,0.00554767546302,0.212213250445,-0.649163821375
Kathmandu,0.000972343255515,0.235131633261,0.217243039949,0.0224235196991,0.00330287116452,0.0014934871348,0.0199571159932,0.00101992845021,0.115240448562,0.120857794799,0.0125011466312,0.219657845251,0.00948665321286,0.00779307893409,0.0129190937027,0.005,15.96,0.32,93.77,110.0,5.27450350869e-05,0.000139315690501,8.02641838279e-06,0.00145794156767,2.46525707471e-05,0.000290097692978,2.63725175435e-05,0.000525730404073,0.000151355318075,0.000244805760675,1.14663119754e-06,2.46525707471e-05,5.15984038894e-05,0.00148947392561,9.28771270009e-05,0.0023322478558,0.00306609182223,0.000448332798239,0.00180995734532,0.000940810897583,4.98784570931e-05,0.000549809659221,0.180008096094,-1.27699998619
Khotang,0.0,0.0720607623405,0.232148396603,0.107429524216,0.0,0.0001890340843,0.00300515723758,0.0,0.464757260848,0.0624878824305,0.00020842219551,0.0541170654155,0.0,0.00231687928962,0.00127961533987,0.015,38.02,0.336,18.14,89.0,3.87762224204e-05,4.84702780255e-06,0.0,0.000882159060064,0.0,0.00154620186901,0.0,1.45410834077e-05,0.000252045445733,0.0038000697972,0.0,0.000145410834077,0.0,8.23994726434e-05,5.81643336306e-05,7.27054170383e-05,0.000591337391911,0.00022781030672,0.000775524448408,7.27054170383e-05,1.93881112102e-05,7.75524448408e-05,0.293475553407,-0.307732624026
Lalitpur,0.00150171319201,0.130433296592,0.199131868789,0.0249758615091,0.0043748344484,0.00199729990686,0.0210133039399,0.00104884946981,0.103231567165,0.149964112686,0.00656225167261,0.332393427495,0.00324908359181,0.00549631300573,0.0146262165372,0.005,20.32,0.162,83.69,103.0,0.0,0.0,0.0,0.0,0.0,0.0,0.0,0.0,0.0,0.0,0.0,0.0,0.0,0.0,0.0,0.0,0.0,0.0,0.0,0.0,0.0,0.0,0.201687319792,-1.08286144151
Lamjung,7.15461114688e-05,0.127507094989,0.177434356443,0.179485344972,0.000256373566097,0.000101356991248,0.00163959838783,0.000172903102716,0.37934940736,0.0870358446018,0.0056163697503,0.0371026209726,0.0,0.00277241181942,0.0014547709332,0.013,36.38,0.322,56.19,83.0,0.0,2.38487038229e-05,5.96217595574e-06,0.00076912069829,2.38487038229e-05,0.000924137273139,0.0,2.38487038229e-05,5.96217595574e-05,0.00191385848179,0.0,4.17352316902e-05,0.0,0.000119243519115,2.98108797787e-05,0.000381579261167,0.00266509265221,0.000220600510362,0.0017648040829,0.00118647301519,1.19243519115e-05,0.00012520569507,0.232857960304,-0.586230740574
Mahottari,2.07144905829e-05,0.0183434781223,0.0207272379617,0.0110041747666,0.0627362248638,0.154539660282,0.378216323019,0.0771821919118,0.0267280665413,0.0233691322222,0.133606870837,0.00702380572995,0.0014165524714,0.0046655406482,0.0804200261321,0.011,62.96,0.436,17.11,98.0,0.0,3.18684470506e-05,8.76382293891e-05,0.00295739188629,6.37368941012e-06,0.000239013352879,0.0,3.18684470506e-06,0.000121100098792,0.000578412313968,0.0,0.0,2.39013352879e-05,0.00094489945505,1.75276458778e-05,0.000159342235253,0.000368080563434,9.08250740941e-05,0.000380827942254,1.11539564677e-05,3.0275024698e-05,7.01105835113e-05,0.203362002288,0.571678165437
Makwanpur,0.000204529617553,0.140918528243,0.11486716277,0.0408179282101,0.001724232241,0.000692071147768,0.0119673608782,0.000665910382732,0.074063504068,0.541178233292,0.00427847420905,0.0619891218782,0.00119626043755,0.0023782513669,0.00305843125783,0.027,38.21,0.251,48.05,97.0,5.70780328056e-05,6.42127869063e-05,1.66477595683e-05,0.00194065311539,1.42695082014e-05,0.000749149180573,0.0,1.66477595683e-05,0.00016885584705,0.00183125355251,0.0,7.1347541007e-06,2.3782513669e-06,0.000625480109495,2.3782513669e-06,0.000459002513812,0.00078244469971,0.000133182076546,0.000663532131365,0.00134846852503,7.84822951077e-05,0.000411437486474,0.3371024354,-0.469334748357
Manang,0.0,0.0345671459162,0.039920464974,0.051391862955,0.0,0.0,0.0,0.0,0.573722851025,0.268736616702,0.0,0.0194249005812,0.0,0.00978892627715,0.00244723156929,0.038,29.18,0.547,45.59,127.0,0.0,0.0,0.0,0.00260018354237,0.0,0.0,0.0,0.0,0.0,0.00015295197308,0.0,0.00015295197308,0.0,0.00015295197308,0.000458855919241,0.0,0.000611807892322,0.0,0.00015295197308,0.0,0.0,0.00015295197308,0.407286072406,-3.85465526635
Morang,0.000272434403389,0.130721899375,0.129211597626,0.039133182096,0.00938189502471,0.0717434765945,0.0842060557092,0.0522007106084,0.136201663611,0.0382661570175,0.0473911557227,0.0317453411645,0.0139656297585,0.0274568300237,0.188101971265,0.01,35.09,0.315,46.49,94.0,0.000210282068015,2.17533173809e-05,7.976216373e-05,0.000993401493728,9.21926308048e-05,0.000731325812901,0.0,0.000138806882335,9.94437365984e-05,0.00124822606876,0.0,3.72914012244e-05,2.07174451247e-06,0.000879455545542,4.14348902493e-06,0.00116949977729,0.00165532386546,0.00159835089137,0.00223644820121,0.00154862902307,0.00140878626848,0.000117053564954,0.109966200686,0.271170712584
Mugu,0.0,0.0522193683754,0.654795065659,0.136182758745,0.0,0.0,0.00253228665485,0.000325579712766,0.00148319646927,0.0882501899215,0.0,0.00262272546395,0.0,0.0605578265745,0.00103100242376,0.047,60.75,0.502,24.38,103.0,0.0,0.0,0.0,0.000922475852838,0.0,5.42632854611e-05,0.0,0.0,0.000180877618204,0.000162789856383,0.0,0.0,0.0,0.0,0.0,1.80877618204e-05,0.0,0.0,0.000108526570922,9.04388091018e-05,0.0,1.80877618204e-05,0.461501190609,-0.374204514436
Mustang,0.0,0.0367231638418,0.0814005352364,0.130240856378,0.0,0.0,0.0,0.0,0.510110020815,0.214391911983,0.0,0.00981266726137,0.0,0.0124888492417,0.00483199524234,0.042,38.65,0.547,0.0,112.0,0.0,0.0,0.0,0.00520368718406,7.43383883437e-05,0.00185845970859,0.0,7.43383883437e-05,0.0,0.00327088908712,0.0,0.0,0.0,0.0,0.0,0.000371691941719,0.00104073743681,0.000148676776687,0.00059470710675,0.000446030330062,0.000446030330062,0.0,0.331389051801,-1.44192185306
Myagdi,0.0,0.0804463177902,0.194533663027,0.245140398272,0.000105595691696,0.000175992819493,0.00202391742417,0.0,0.449740850573,0.00280708547091,0.00158393537544,0.0137626384843,0.0,0.00298307829041,0.00669652678171,0.027,34.84,0.475,0.0,83.0,1.75992819493e-05,2.63989229239e-05,4.39982048732e-05,0.000369584920935,0.0,0.00165433250323,0.0,0.000149593896569,7.03971277972e-05,0.00359025351766,0.0,6.15974868225e-05,8.79964097465e-06,0.0006247745092,3.51985638986e-05,0.000272788870214,0.00153113752959,0.00011439533267,0.000668772714073,0.000175992819493,8.79964097465e-05,0.000175992819493,0.306933283027,-0.0519679459941
Nawalparasi,0.000116548667616,0.174914686375,0.0817954089149,0.06727344493,0.00337214144968,0.0620784823188,0.102668498294,0.0399171416672,0.207147385891,0.0377664302542,0.0375550886702,0.0194543035984,0.000689968112285,0.0131808773162,0.15206959354,0.013,36.25,0.389,47.57,89.0,6.2159289395e-06,1.39858401139e-05,0.000136750436669,7.61451295089e-05,7.76991117438e-06,0.000323228304854,0.0,1.39858401139e-05,2.33097335231e-05,0.0010427220796,3.10796446975e-06,2.17557512883e-05,3.10796446975e-06,0.00175444594317,3.10796446975e-06,8.23610584484e-05,0.000419575203416,0.000111886720911,0.000212895566178,9.01309696228e-05,1.55398223488e-05,7.14831828043e-05,0.127235244663,-0.0536622295455
Nuwakot,0.0,0.189439617113,0.135347477754,0.0672178353774,0.000115327367545,5.04557233008e-05,0.00277866876178,0.000151367169902,0.0764764606031,0.446399803943,0.00129022492441,0.0744402117699,6.48716442439e-05,0.00564383304922,0.000583844798195,0.013,49.41,0.371,31.15,92.0,1.80199011789e-05,0.000212634833911,5.76636837724e-05,0.0010775900905,2.16238814146e-05,0.000436081608528,1.08119407073e-05,3.60398023577e-05,0.00032435822122,0.00137672045007,3.60398023577e-06,1.80199011789e-05,2.16238814146e-05,0.000227050754854,0.000518973153951,0.000504557233008,0.000353190063106,0.000133347268724,0.000472121410886,0.000129743288488,3.2435822122e-05,5.04557233008e-05,0.269428947147,-1.07521427518
Okhaldhunga,0.0,0.106038490648,0.235816034166,0.103321980755,0.0,0.000236512055357,0.00768326305547,0.00337874364796,0.335448426857,0.134724024219,0.000175694669694,0.0654395069737,0.000135149745918,0.0028178722024,0.00478430100551,0.012,43.86,0.567,52.2,87.0,6.75748729592e-06,0.0,8.10898475511e-05,0.000189209644286,0.000155422207806,0.000952805708725,0.0,6.75748729592e-06,0.000162179695102,0.00407476483944,1.35149745918e-05,6.75748729592e-05,6.75748729592e-06,0.000979835657909,4.73024110715e-05,0.000310844415612,0.00376392042383,6.75748729592e-06,0.00600740620608,0.00307465671965,6.75748729592e-06,0.00258811763434,0.212588717483,-1.0347740424
Palpa,0.00019143885443,0.174622865457,0.0950953365495,0.12017382648,8.42330959492e-05,0.000229726625316,0.00152002450417,4.59453250632e-05,0.532781989433,0.0302894555479,0.00470939581898,0.0345776858871,4.21165479746e-05,0.00358756413202,0.0020483957424,0.018,29.18,0.359,0.0,80.0,0.00116011945785,0.000612604334176,0.000134007198101,0.000685351098859,2.29726625316e-05,0.00105674247645,0.0,0.000222069071139,0.000202925185696,0.00139750363734,0.0,4.21165479746e-05,0.000149322306455,0.00474768358986,7.6575541772e-06,0.00169997702734,0.0185236235546,0.00143579140822,0.00814380886745,0.00462133394594,0.00192970365265,0.00146259284784,0.339989388316,-0.445651245804
Panchthar,0.0,0.107362746785,0.103729075108,0.0608079575846,0.000161612370124,0.000265878415365,0.00197062825506,0.000166825672386,0.620753113645,0.0840801388824,0.000286731624413,0.0143000881048,0.000344077949295,0.00409765557797,0.00167347002612,0.005,33.09,0.569,62.9,89.0,5.21330226205e-06,0.0,1.04266045241e-05,0.000552610039777,0.0,0.000589103155612,0.0,4.17064180964e-05,5.21330226205e-05,0.00256494471293,5.21330226205e-06,0.0,0.0,0.000125119254289,5.73463248826e-05,0.000224171997268,0.000140759161075,1.04266045241e-05,0.0001511857656,6.77729294067e-05,5.21330226205e-06,3.12798135723e-05,0.418616278404,0.393337578042
Parbat,0.0,0.357254928713,0.212258680674,0.234490756532,0.0,0.000109147963708,0.000948222934716,0.0,0.155085612934,0.00867726311481,0.00423630534143,0.0238283648271,0.0,0.00154853673511,0.00156218023058,0.008,32.43,0.262,75.35,80.0,0.0,3.41087386588e-05,7.50392250495e-05,0.000225117675148,6.82174773177e-06,0.000880005457398,0.0,6.82174773177e-06,0.000156900197831,0.00195784159902,0.0,8.18609727812e-05,0.0,0.000497987584419,3.41087386588e-05,0.00034790913432,0.0020192373286,6.82174773177e-05,0.000341087386588,6.82174773177e-05,7.50392250495e-05,6.13957295859e-05,0.252389075411,-0.613476629386
Parsa,0.000134771562202,0.0263503361802,0.0382801152047,0.0057103210059,0.0263270423299,0.120806898973,0.38096426557,0.0761625711086,0.0158947251076,0.0252472059859,0.14510737633,0.0165086844465,0.0118732082454,0.0129114484282,0.0977210295216,0.025,51.31,0.372,25.49,108.0,0.0,0.0,0.0,0.0,0.0,0.0,0.0,0.0,0.0,0.0,0.0,0.0,0.0,0.0,0.0,0.0,0.0,0.0,0.0,0.0,0.0,0.0,0.200490091452,-3.19833939151
Pyuthan,7.89120656548e-05,0.0985874740248,0.294030740634,0.215986707701,0.000214816178727,0.0,0.000197280164137,0.000254272211554,0.347099104786,0.0172817423784,0.00269177823956,0.0168126539881,7.89120656548e-05,0.00101270484257,0.00567290071985,0.028,41.99,0.484,21.03,78.0,4.38400364749e-05,0.0,1.753601459e-05,0.000938176780563,4.38400364749e-06,0.000293728244382,0.0,4.38400364749e-06,1.31520109425e-05,0.00195526562678,0.0,0.0,0.0,0.00118368098482,0.0,0.000236736196965,0.00199910566326,2.19200182375e-05,0.000179744149547,0.000263040218849,4.38400364749e-06,0.0,0.263923552091,1.3678655632
Ramechhap,0.0,0.0484588888999,0.277029894496,0.0870088726153,0.000281278683024,0.000207257976965,0.00199362434985,8.38901335334e-05,0.149625455227,0.286233135616,0.000162845553329,0.144967085459,5.92165648471e-05,0.00315821679184,0.000730337633114,0.018,47.9,0.444,31.27,85.0,1.9738854949e-05,2.46735686863e-05,4.93471373726e-06,0.000473732518777,0.0,0.000488536659988,7.40207060588e-05,0.0,0.000340495247871,0.00436228694373,0.0,0.0,3.45429961608e-05,0.000207257976965,0.000128302557169,0.000217127404439,0.00121393957937,8.38901335334e-05,0.00111524530462,0.000148041412118,0.000217127404439,0.000296082824235,0.212011652315,-1.19121502272
Rasuwa,0.0,0.150692840647,0.0263048498845,0.0306697459584,0.000692840646651,0.0,0.00163972286374,0.0,0.0474364896074,0.713441108545,0.0,0.0233718244804,0.0,0.00478060046189,0.000969976905312,0.024,58.68,0.45,41.89,98.0,0.0,0.0,4.61893764434e-05,0.00263279445727,0.0,0.00163972286374,0.0,0.0,2.30946882217e-05,0.0013856812933,0.0,2.30946882217e-05,0.0,6.92840646651e-05,0.0,0.000392609699769,0.000438799076212,2.30946882217e-05,4.61893764434e-05,4.61893764434e-05,0.0,0.0,0.53616255247,0.0171490599526
Rautahat,0.000643637454458,0.0262959392593,0.0191838910068,0.00538063437606,0.0236063501679,0.12419144865,0.415593209479,0.0868517391317,0.01336639863,0.0290568818241,0.197341864685,0.00372785493984,0.00207944408363,0.00460011474803,0.048080591564,0.029,66.11,0.397,17.58,105.0,7.42658601297e-05,1.89305133664e-05,0.00014125075358,0.00159890028279,5.82477334351e-06,0.00014125075358,1.45619333588e-06,2.47552867099e-05,3.78610267328e-05,0.000559178240977,0.0,1.89305133664e-05,1.45619333588e-05,0.000409190327381,7.28096667938e-06,0.000119407853542,0.000132513593565,2.47552867099e-05,0.00021551661371,0.000119407853542,1.1649546687e-05,1.74743200305e-05,0.239648479514,1.23697123814
Rolpa,0.0,0.0117368800834,0.370315269971,0.166645880288,6.68133591084e-05,0.000111355598514,0.000293978780077,0.0,0.438705424354,0.000935387027518,0.000962112371162,0.00247654851095,0.0,0.00621364239709,0.00153670725949,0.018,49.26,0.513,20.41,85.0,0.0,0.000146989390039,7.57218069896e-05,0.0023830098082,4.45422394056e-06,0.000574594888333,3.11795675839e-05,2.67253436434e-05,0.00016035206186,0.0018885909508,2.67253436434e-05,1.33626718217e-05,0.000293978780077,0.000534506872868,4.45422394056e-05,0.000293978780077,0.000797306085361,4.45422394056e-05,0.000209348525206,3.56337915245e-05,2.22711197028e-05,5.79049112273e-05,0.357553460313,0.426495467901
Rukum,0.0,0.0331308404494,0.503560007096,0.211922307939,9.58924470314e-05,0.000139044048196,0.000805496555064,0.0,0.243633940173,0.000781523443306,0.000604122416298,0.00282403256508,0.0,0.0019801790312,0.000522613836321,0.019,49.19,0.513,20.32,91.0,0.0,5.27408458673e-05,4.79462235157e-05,0.0021384015688,0.0,0.000781523443306,0.0,2.39731117579e-05,0.0,0.000896594379744,0.0,0.000239731117579,0.0,0.000613711661001,0.0,0.000278088096391,0.00107399540675,7.67139576251e-05,0.000887005135041,0.000225347250524,0.000292471963446,0.00027329347404,0.358952717232,0.453609834024
Rupandehi,0.000653263591291,0.159338374635,0.0827747456248,0.0481733613877,0.00881849042713,0.0731416639021,0.170424541807,0.101337656613,0.13174792887,0.00860830996733,0.0823316624934,0.0213566069375,0.00443537575722,0.00975350944562,0.0971045085413,0.014,35.61,0.377,48.74,96.0,0.0,0.0,0.0,0.0,0.0,0.0,0.0,0.0,0.0,0.0,0.0,0.0,0.0,0.0,0.0,0.0,0.0,0.0,0.0,0.0,0.0,0.0,0.11351310567,1.09810033908
Salyan,0.0,0.0260761247958,0.640519047698,0.169800036297,4.53713022389e-05,0.0,0.000379469073271,0.0,0.152340334263,0.00149725297388,0.00110540990909,0.00573328273746,0.0,0.00181485208955,0.000688818861263,0.021,44.5,0.541,16.37,92.0,0.0,1.64986553596e-05,1.23739915197e-05,0.00209945389451,4.1246638399e-06,0.000676444869743,0.0,4.1246638399e-06,0.000301100460312,0.00082080810414,0.0,4.1246638399e-06,4.1246638399e-06,0.000284601804953,0.0,0.000243355166554,0.00181485208955,0.000107241259837,0.000552704954546,0.000111365923677,1.23739915197e-05,0.000210357855835,0.463024492961,-0.147270956299
Sankhuwasabha,0.0,0.0534137153368,0.190768668657,0.0824104521803,0.00144259238261,0.000163787781432,0.00132920084162,0.000258280732257,0.476912222348,0.141040178403,0.000258280732257,0.047479558025,0.00052286099457,0.00294188053571,0.00105832104925,0.012,36.84,0.474,53.39,90.0,1.25990601101e-05,1.25990601101e-05,1.25990601101e-05,0.00051026193446,0.0,0.00148038956294,6.29953005506e-06,1.25990601101e-05,0.000302377442643,0.00403169923524,0.0,6.92948306056e-05,1.25990601101e-05,0.000371672273248,1.88985901652e-05,0.000371672273248,0.000352773683083,0.000157488251376,0.000491363344295,0.000125990601101,0.000119691071046,0.000113391540991,0.295643156915,-0.77399733234
Saptari,0.000259665500779,0.0130489735391,0.0156065222968,0.0102176810307,0.0227520163183,0.229830560439,0.347784396293,0.0374106031122,0.0116395842849,0.00977656252933,0.0893890665182,0.00419531851259,0.00451911826356,0.0219573773159,0.181612554045,0.036,54.56,0.334,19.01,96.0,0.0,0.0,4.22347501267e-05,0.00152357950457,3.12850000939e-06,1.56425000469e-06,3.12850000939e-06,0.0,0.0,0.000705476752116,0.0,4.69275001408e-06,4.69275001408e-06,0.000156425000469,3.12850000939e-05,5.00560001502e-05,0.000201788250605,9.38550002816e-06,0.000289386250868,9.38550002816e-06,6.25700001877e-06,1.56425000469e-05,0.217936323612,0.559887261217
Sarlahi,3.37781219104e-05,0.0357749285788,0.0425201596926,0.0140503995562,0.0305562087436,0.126584811018,0.435826115425,0.0761488783715,0.0253491813352,0.0720734180471,0.0789290776364,0.00955141354944,0.00395593773913,0.00361425904442,0.0450314331408,0.011,62.0,0.377,17.47,103.0,3.89747560505e-06,7.6650353566e-05,0.000102633524266,0.00103283103534,1.81882194902e-05,0.000226053585093,0.0,0.0,0.000149403231527,0.000691152340629,0.0,0.000115625109617,1.42907438852e-05,0.0007976833405,0.000144206597387,0.000491081926236,0.000300105621589,0.000544347426172,0.000522261731077,0.000202668731463,0.000111727634011,0.000198771255858,0.230200404864,1.23062672121
Sindhuli,0.0,0.0779123001296,0.147944576491,0.112497974287,0.00212362251513,0.00684691011236,0.00871731849611,0.000229580812446,0.176797482714,0.400966265125,0.00060433772688,0.0628038569576,0.0,0.00124243733794,0.00131333729473,0.036,48.92,0.363,21.01,92.0,5.06428262748e-05,0.00012154278306,4.72666378565e-05,0.000540190146932,8.10285220398e-05,0.000151928478825,0.0,1.0128565255e-05,0.00104661840968,0.00149902765774,0.0,2.70095073466e-05,3.03856957649e-05,0.000698871002593,5.73952031115e-05,0.000165433232498,0.000226204624028,1.0128565255e-05,4.38904494382e-05,4.05142610199e-05,2.36333189283e-05,3.37618841832e-06,0.236720406584,-0.700976914686
Sindhupalchok,0.000799171641221,0.103284247979,0.220717308668,0.0733813299606,0.000149410350315,6.25438675738e-05,0.00176165226999,0.000145935691005,0.0643784876893,0.421656856545,0.000132037053767,0.111109180745,0.0,0.00158791930451,0.000833918234317,0.017,50.49,0.466,33.85,93.0,1.38986372386e-05,0.0,0.0,0.00146283156936,0.0,0.00112926427564,0.0,5.90692082641e-05,0.000653235950215,0.00253302663674,0.0,2.08479558579e-05,3.47465930965e-06,0.000138986372386,6.25438675738e-05,0.000427383095088,0.000997227221871,0.000472553666113,0.000357889908894,7.29678455027e-05,2.08479558579e-05,3.12719337869e-05,0.259059954175,-1.0599352465
Siraha,3.13810157407e-05,0.00942058092536,0.0132663244044,0.00963083373083,0.0112045916702,0.210340672307,0.464627319057,0.054874413175,0.0156967840735,0.0334976652524,0.0748672583034,0.00534104887907,0.00412503451912,0.0121930936661,0.0808829990209,0.027,60.04,0.397,18.47,95.0,4.07953204629e-05,0.0,8.31596917129e-05,0.000484836693194,4.70715236111e-06,3.13810157407e-06,0.0,1.56905078704e-06,1.25524062963e-05,0.000760989631712,0.0,1.56905078704e-06,3.76572188889e-05,0.000353036427083,0.0,0.000147490773981,0.000149059824768,5.33477267592e-05,0.000262031481435,4.70715236111e-05,2.66738633796e-05,5.33477267592e-05,0.277325847538,1.22632305013
Solukhumbu,0.0,0.0462006308672,0.158028445687,0.0773190034565,0.000368320646733,0.000226658859528,0.00618589804129,0.0,0.543424059838,0.13883799558,0.000122773548911,0.0244886009482,0.000151105906352,0.00298434165045,0.00166216496987,0.019,42.49,0.476,39.64,94.0,0.000245547097822,0.0,0.0,0.000132217668058,0.0,0.00109551782105,0.0,3.7776476588e-05,0.0,0.00316377991425,0.0,0.0,0.0,0.000254991216969,0.0,0.000349432408439,0.000358876527586,0.000103885310617,0.000793306008349,0.00348487996525,2.8332357441e-05,0.000207770621234,0.348321265001,-0.616360019999
Sunsari,0.000141456239595,0.0799122971315,0.0999480017341,0.0360608628569,0.0084611787758,0.0780157356969,0.146394110181,0.0167010047322,0.147538857898,0.0362114875564,0.11548723161,0.0380360110912,0.00992158347162,0.0114383087073,0.175731872317,0.006,37.12,0.294,51.33,95.0,0.0,1.30977999625e-06,4.19129598801e-05,0.000272434239221,3.92933998876e-06,0.000204325679416,0.0,0.0,1.5717359955e-05,0.00123119319648,0.0,2.61955999251e-06,0.0,0.000264575559243,1.30977999625e-05,7.85867997752e-06,2.09564799401e-05,0.0,2.75053799213e-05,1.5717359955e-05,0.0,3.92933998876e-06,0.114518178639,0.335609970643
Surkhet,3.99083248766e-05,0.115278047001,0.380622797916,0.258041527463,0.000242300543893,0.000139679137068,0.00171890856433,3.13565409744e-05,0.203629377088,0.00746000615728,0.00520233520712,0.00543608396712,0.000136828542434,0.00231753343748,0.0197033101105,0.026,33.0,0.579,36.53,93.0,5.70118926808e-06,0.0,1.14023785362e-05,0.00415616697643,0.0,0.000934995039965,0.0,2.56553517064e-05,7.98166497531e-05,0.00170465559116,5.70118926808e-06,0.0,0.0,0.0010803753663,5.70118926808e-06,7.69660551191e-05,0.000305013625842,8.83684336553e-05,0.00044469276291,0.000248001733162,5.70118926808e-06,5.41612980468e-05,0.26672200807,0.603374192001
Syangja,4.49596746303e-05,0.308807254416,0.145541383651,0.158669608643,0.000491097984423,8.30024762405e-05,0.00140758365958,0.0,0.330014387096,0.0106001079032,0.0068684549089,0.0333220357741,4.84181111403e-05,0.00285666855728,0.00124503714361,0.007,29.63,0.391,68.4,77.0,1.38337460401e-05,4.15012381203e-05,3.11259285902e-05,0.00130728900079,0.0,0.000940694730726,0.0,0.000114128404831,0.000349302087512,0.00277020764453,0.0,7.95440397305e-05,1.38337460401e-05,0.000857692254486,0.0,0.000338926777982,0.00189176477098,0.000518765476503,0.00103061407999,0.000307800849392,0.000107211531811,0.000131420587381,0.251911595558,-0.0467094758772
Tanahu,3.71186063201e-05,0.118723862315,0.146296800376,0.161465937492,0.000238177723887,0.000300042067754,0.00345512360496,0.000355719977234,0.428438420232,0.0460394447056,0.0129018089134,0.0767860236074,0.00024127094108,0.00322931874985,0.00149093068719,0.011,31.68,0.473,56.63,80.0,1.23728687734e-05,2.47457375467e-05,1.54660859667e-05,0.00108262601767,1.54660859667e-05,0.000751651777981,0.0,3.09321719334e-06,8.35168642201e-05,0.00131771052436,0.0,4.94914750934e-05,1.54660859667e-05,0.000773304298335,7.11439954468e-05,0.000300042067754,0.000460889361807,0.000173220162827,0.000637202741828,5.56779094801e-05,4.02118235134e-05,5.56779094801e-05,0.253335940881,-0.740611228882
Taplejung,0.0,0.0777963455488,0.12769396129,0.0711668667279,0.0,0.000156910741325,0.00135727791246,0.00012552859306,0.621327307961,0.078769192145,0.0,0.0159185947074,0.0,0.00424443555284,0.00144357882019,0.017,34.28,0.385,53.82,90.0,0.000305975945583,0.0,7.84553706624e-06,0.00144357882019,6.27642965299e-05,0.00171032708044,0.0,0.000439350075709,0.00025105718612,0.00363248366167,0.0,7.06098335962e-05,0.0,0.000219675037855,1.56910741325e-05,0.00107483857807,0.00154557080205,0.000564878668769,0.000258902723186,0.00012552859306,3.92276853312e-05,2.35366111987e-05,0.419950334692,0.840444109458
Terhathum,0.0,0.133219134253,0.206572353978,0.0929442688798,0.000354410939484,0.0,0.00107307756677,0.000226429211337,0.46301820294,0.0698287998267,0.000305187197889,0.0289238705612,0.0,0.00253010031799,0.00100416432854,0.007,30.64,0.634,58.13,87.0,9.84474831901e-06,1.9689496638e-05,9.84474831901e-06,0.00142748850626,0.000177205469742,0.00358348838812,9.84474831901e-06,4.9223741595e-05,0.000187050218061,0.00292389025075,0.0,0.0,0.0,0.00029534244957,7.87579865521e-05,0.000206739714699,0.000521771660907,0.000108292231509,0.000502082164269,9.84474831901e-05,9.84474831901e-06,7.87579865521e-05,0.28916545137,-0.487065936499
Udayapur,0.0,0.0599026239875,0.228153382966,0.106584533212,0.00120932693398,0.0133151934293,0.0204735270776,0.000784172933752,0.328370054042,0.118734489752,0.00682450902586,0.0344437725961,0.000462945466914,0.00201239560107,0.0787290729753,0.019,39.3,0.3,25.7,89.0,6.29857778114e-06,6.92843555925e-05,0.000132270133404,0.00246274391242,0.0,0.000932189511608,0.0,9.44786667171e-06,6.61350667019e-05,0.00266744769031,0.0,3.14928889057e-06,6.29857778114e-06,0.000686544978144,7.24336444831e-05,0.000418855422446,0.000513334089163,0.000129120844513,0.000503886222491,8.50308000453e-05,0.0,6.29857778114e-06,0.196961340154,0.579331183205
Darchula,0.000750333898585,0.167084352537,0.70642435884,0.0677926677371,0.0,0.0,0.0128757296997,0.0,0.0022810150517,0.00899650344403,0.000232603508561,0.000382670288278,0.0,0.0327670813512,0.000412683644222,0.059,41.8,0.478,16.43,91.0,0.0,1.50066779717e-05,2.25100169575e-05,0.00121554091571,7.50333898585e-06,0.000127556762759,0.0,0.0,3.75166949292e-05,0.000622777135825,0.0,0.0,0.0,0.00141062772934,0.0,2.25100169575e-05,0.000255113525519,7.50333898585e-06,5.25233729009e-05,0.0,7.50333898585e-06,2.25100169575e-05,0.532874941413,0.547633614752
Kavre,3.92734927488e-05,0.215339178975,0.154012310931,0.0577817807649,0.000282769147791,0.000212076860844,0.00252659470017,9.9492848297e-05,0.0540219983924,0.376357881012,0.000832598046275,0.132665858505,0.000138766341046,0.00444052291346,0.00124889706941,0.007,37.23,0.217,71.2,92.0,2.61823284992e-06,2.61823284992e-06,1.04729313997e-05,0.00281983677936,2.61823284992e-06,0.000447717817336,2.61823284992e-06,2.61823284992e-06,0.000400589626038,0.00147406509451,0.0,0.000128293409646,0.0,0.000303715010591,1.04729313997e-05,0.00120438711096,0.000615284719731,2.61823284992e-05,0.000521028337134,0.000154475738145,5.23646569984e-06,6.5455821248e-05,0.235621859552,-0.427541837424
